Product;Like;Buy;Try;Belief;Age;Gender;Education;Income;Politics_1;Duration__in_seconds_;Gender_4_TEXT;Atlantic;Line;id;Group
Burger;6;7;1;93;62;2;4;2;6;118;;1;4;4;Six
Sausages;5;6;1;97;62;2;4;2;6;118;;1;4;4;Six
Nuggets;6;5;1;90;62;2;4;2;6;118;;1;4;4;Six
Meatballs;6;6;1;80;62;2;4;2;6;118;;1;4;4;Six
Burger;5;3;1;70;56;2;7;1;5;159;;1;4;9;Six
Sausages;5;5;1;70;56;2;7;1;5;159;;1;4;9;Six
Nuggets;3;2;0;40;56;2;7;1;5;159;;1;4;9;Six
Meatballs;2;1;0;50;56;2;7;1;5;159;;1;4;9;Six
Burger;4;4;1;65;25;2;8;3;4;108;;1;4;17;Control
Sausages;3;3;1;65;25;2;8;3;4;108;;1;4;17;Control
Nuggets;4;4;1;70;25;2;8;3;4;108;;1;4;17;Control
Meatballs;3;3;0;35;25;2;8;3;4;108;;1;4;17;Control
Burger;4;4;1;51;32;2;7;2;2;93;;1;4;18;Control
Sausages;3;4;1;31;32;2;7;2;2;93;;1;4;18;Control
Nuggets;6;6;1;61;32;2;7;2;2;93;;1;4;18;Control
Meatballs;4;4;1;54;32;2;7;2;2;93;;1;4;18;Control
Burger;4;6;1;60;59;1;7;2;3;160;;1;4;21;Six
Sausages;5;6;1;75;59;1;7;2;3;160;;1;4;21;Six
Nuggets;7;7;1;80;59;1;7;2;3;160;;1;4;21;Six
Meatballs;6;6;1;65;59;1;7;2;3;160;;1;4;21;Six
Burger;3;3;1;71;35;2;5;2;4;133;;1;4;23;Six
Sausages;6;4;1;90;35;2;5;2;4;133;;1;4;23;Six
Nuggets;4;2;1;70;35;2;5;2;4;133;;1;4;23;Six
Meatballs;1;2;0;51;35;2;5;2;4;133;;1;4;23;Six
Burger;5;3;1;61;49;2;6;4;2;175;;1;4;40;Control
Sausages;4;2;1;50;49;2;6;4;2;175;;1;4;40;Control
Nuggets;4;2;1;55;49;2;6;4;2;175;;1;4;40;Control
Meatballs;3;2;1;29;49;2;6;4;2;175;;1;4;40;Control
Burger;4;5;1;49;53;1;4;3;7;291;;1;4;42;Control
Sausages;5;5;1;63;53;1;4;3;7;291;;1;4;42;Control
Nuggets;5;6;1;85;53;1;4;3;7;291;;1;4;42;Control
Meatballs;4;5;1;80;53;1;4;3;7;291;;1;4;42;Control
Burger;5;1;1;80;58;1;6;2;5;134;;1;4;48;Six
Sausages;5;1;1;75;58;1;6;2;5;134;;1;4;48;Six
Nuggets;1;1;1;58;58;1;6;2;5;134;;1;4;48;Six
Meatballs;2;1;1;63;58;1;6;2;5;134;;1;4;48;Six
Burger;6;6;1;93;26;2;7;2;2;166;;1;4;55;Six
Sausages;4;4;1;61;26;2;7;2;2;166;;1;4;55;Six
Nuggets;6;5;1;84;26;2;7;2;2;166;;1;4;55;Six
Meatballs;6;4;1;71;26;2;7;2;2;166;;1;4;55;Six
Burger;3;3;0;38;32;2;7;4;3;119;;1;4;63;Six
Sausages;6;6;1;61;32;2;7;4;3;119;;1;4;63;Six
Nuggets;4;4;0;46;32;2;7;4;3;119;;1;4;63;Six
Meatballs;3;3;0;35;32;2;7;4;3;119;;1;4;63;Six
Burger;6;4;1;76;78;1;5;2;4;167;;1;4;69;Control
Sausages;3;3;1;74;78;1;5;2;4;167;;1;4;69;Control
Nuggets;3;3;1;71;78;1;5;2;4;167;;1;4;69;Control
Meatballs;4;3;1;91;78;1;5;2;4;167;;1;4;69;Control
Burger;3;3;1;81;58;2;7;2;4;137;;1;4;76;Control
Sausages;1;2;1;82;58;2;7;2;4;137;;1;4;76;Control
Nuggets;2;2;1;81;58;2;7;2;4;137;;1;4;76;Control
Meatballs;1;2;1;76;58;2;7;2;4;137;;1;4;76;Control
Burger;3;3;1;80;55;1;4;1;5;294;;1;4;83;Six
Sausages;6;5;1;95;55;1;4;1;5;294;;1;4;83;Six
Nuggets;4;4;1;85;55;1;4;1;5;294;;1;4;83;Six
Meatballs;5;5;1;90;55;1;4;1;5;294;;1;4;83;Six
Burger;4;4;1;60;44;2;7;4;4;152;;1;4;85;Six
Sausages;5;6;1;80;44;2;7;4;4;152;;1;4;85;Six
Nuggets;6;6;1;90;44;2;7;4;4;152;;1;4;85;Six
Meatballs;5;5;1;75;44;2;7;4;4;152;;1;4;85;Six
Burger;6;6;1;90;41;1;7;3;3;146;;1;4;94;Control
Sausages;2;3;0;49;41;1;7;3;3;146;;1;4;94;Control
Nuggets;3;6;1;75;41;1;7;3;3;146;;1;4;94;Control
Meatballs;1;4;1;63;41;1;7;3;3;146;;1;4;94;Control
Burger;4;4;1;92;50;2;8;3;3;264;;1;4;96;Control
Sausages;3;4;1;90;50;2;8;3;3;264;;1;4;96;Control
Nuggets;4;4;1;92;50;2;8;3;3;264;;1;4;96;Control
Meatballs;3;4;1;92;50;2;8;3;3;264;;1;4;96;Control
Burger;1;1;0;0;42;2;7;3;4;130;;1;4;97;Six
Sausages;4;3;1;96;42;2;7;3;4;130;;1;4;97;Six
Nuggets;1;1;0;75;42;2;7;3;4;130;;1;4;97;Six
Meatballs;2;3;1;82;42;2;7;3;4;130;;1;4;97;Six
Burger;4;2;1;45;45;1;8;5;7;249;;1;4;107;Control
Sausages;3;2;1;50;45;1;8;5;7;249;;1;4;107;Control
Nuggets;3;2;0;33;45;1;8;5;7;249;;1;4;107;Control
Meatballs;2;1;0;25;45;1;8;5;7;249;;1;4;107;Control
Burger;5;5;1;55;33;2;8;2;2;122;;1;4;118;Control
Sausages;5;5;1;50;33;2;8;2;2;122;;1;4;118;Control
Nuggets;5;5;1;60;33;2;8;2;2;122;;1;4;118;Control
Meatballs;5;5;1;55;33;2;8;2;2;122;;1;4;118;Control
Burger;4;2;1;90;70;2;8;2;3;203;;1;4;127;Control
Sausages;2;1;0;60;70;2;8;2;3;203;;1;4;127;Control
Nuggets;3;2;0;70;70;2;8;2;3;203;;1;4;127;Control
Meatballs;3;3;1;85;70;2;8;2;3;203;;1;4;127;Control
Burger;6;4;1;75;29;2;7;2;2;298;;1;4;130;Control
Sausages;5;5;1;65;29;2;7;2;2;298;;1;4;130;Control
Nuggets;5;4;1;82;29;2;7;2;2;298;;1;4;130;Control
Meatballs;4;2;0;42;29;2;7;2;2;298;;1;4;130;Control
Burger;4;1;0;35;64;2;7;3;3;151;;1;4;135;Control
Sausages;4;1;0;30;64;2;7;3;3;151;;1;4;135;Control
Nuggets;4;1;0;30;64;2;7;3;3;151;;1;4;135;Control
Meatballs;4;1;0;20;64;2;7;3;3;151;;1;4;135;Control
Burger;4;5;1;50;33;2;8;5;4;128;;1;4;136;Six
Sausages;5;5;1;60;33;2;8;5;4;128;;1;4;136;Six
Nuggets;5;5;1;50;33;2;8;5;4;128;;1;4;136;Six
Meatballs;4;4;1;30;33;2;8;5;4;128;;1;4;136;Six
Burger;2;3;1;40;50;2;6;2;5;170;;1;4;138;Six
Sausages;5;4;1;29;50;2;6;2;5;170;;1;4;138;Six
Nuggets;5;5;1;29;50;2;6;2;5;170;;1;4;138;Six
Meatballs;5;4;1;19;50;2;6;2;5;170;;1;4;138;Six
Burger;6;6;1;100;44;1;7;2;4;109;;1;4;141;Control
Sausages;3;3;1;94;44;1;7;2;4;109;;1;4;141;Control
Nuggets;4;3;1;98;44;1;7;2;4;109;;1;4;141;Control
Meatballs;3;4;1;81;44;1;7;2;4;109;;1;4;141;Control
Burger;4;1;0;73;59;1;4;2;4;317;;1;4;145;Six
Sausages;3;1;0;61;59;1;4;2;4;317;;1;4;145;Six
Nuggets;3;1;0;67;59;1;4;2;4;317;;1;4;145;Six
Meatballs;2;1;0;39;59;1;4;2;4;317;;1;4;145;Six
Burger;2;3;0;15;48;1;7;5;5;491;;1;4;149;Six
Sausages;5;6;1;90;48;1;7;5;5;491;;1;4;149;Six
Nuggets;5;4;1;80;48;1;7;5;5;491;;1;4;149;Six
Meatballs;6;5;1;90;48;1;7;5;5;491;;1;4;149;Six
Burger;4;3;1;50;37;2;5;3;4;144;;1;4;152;Six
Sausages;4;2;1;64;37;2;5;3;4;144;;1;4;152;Six
Nuggets;1;1;0;40;37;2;5;3;4;144;;1;4;152;Six
Meatballs;1;1;0;29;37;2;5;3;4;144;;1;4;152;Six
Burger;3;1;0;95;54;1;7;3;3;129;;1;4;153;Control
Sausages;1;1;0;85;54;1;7;3;3;129;;1;4;153;Control
Nuggets;1;1;0;95;54;1;7;3;3;129;;1;4;153;Control
Meatballs;3;1;0;90;54;1;7;3;3;129;;1;4;153;Control
Burger;4;3;1;75;63;2;7;2;1;279;;1;4;154;Six
Sausages;6;7;1;80;63;2;7;2;1;279;;1;4;154;Six
Nuggets;6;5;0;50;63;2;7;2;1;279;;1;4;154;Six
Meatballs;6;6;1;60;63;2;7;2;1;279;;1;4;154;Six
Burger;3;4;1;95;55;2;8;2;2;133;;1;4;167;Six
Sausages;5;5;1;98;55;2;8;2;2;133;;1;4;167;Six
Nuggets;5;5;1;98;55;2;8;2;2;133;;1;4;167;Six
Meatballs;7;5;1;98;55;2;8;2;2;133;;1;4;167;Six
Burger;3;2;1;40;42;1;7;5;5;130;;1;4;170;Control
Sausages;4;3;1;45;42;1;7;5;5;130;;1;4;170;Control
Nuggets;4;2;1;34;42;1;7;5;5;130;;1;4;170;Control
Meatballs;3;2;1;30;42;1;7;5;5;130;;1;4;170;Control
Burger;6;5;1;61;73;1;7;3;3;197;;1;4;172;Control
Sausages;2;2;0;34;73;1;7;3;3;197;;1;4;172;Control
Nuggets;5;4;1;40;73;1;7;3;3;197;;1;4;172;Control
Meatballs;2;2;0;24;73;1;7;3;3;197;;1;4;172;Control
Burger;5;4;1;44;24;2;7;4;4;872;;1;4;182;Control
Sausages;3;3;0;9;24;2;7;4;4;872;;1;4;182;Control
Nuggets;4;5;1;55;24;2;7;4;4;872;;1;4;182;Control
Meatballs;5;4;0;22;24;2;7;4;4;872;;1;4;182;Control
Burger;1;1;0;7;66;1;5;1;4;202;;1;4;186;Six
Sausages;6;5;1;91;66;1;5;1;4;202;;1;4;186;Six
Nuggets;6;6;1;94;66;1;5;1;4;202;;1;4;186;Six
Meatballs;5;4;1;83;66;1;5;1;4;202;;1;4;186;Six
Burger;3;2;0;52;44;1;7;1;5;156;;1;4;188;Control
Sausages;1;1;0;21;44;1;7;1;5;156;;1;4;188;Control
Nuggets;4;4;1;80;44;1;7;1;5;156;;1;4;188;Control
Meatballs;2;1;0;70;44;1;7;1;5;156;;1;4;188;Control
Burger;4;4;1;87;49;1;6;1;1;165;;1;4;196;Six
Sausages;3;4;1;83;49;1;6;1;1;165;;1;4;196;Six
Nuggets;3;4;1;89;49;1;6;1;1;165;;1;4;196;Six
Meatballs;5;4;1;85;49;1;6;1;1;165;;1;4;196;Six
Burger;6;6;1;80;35;2;4;2;3;152;;1;4;199;Control
Sausages;5;4;1;60;35;2;4;2;3;152;;1;4;199;Control
Nuggets;6;4;1;75;35;2;4;2;3;152;;1;4;199;Control
Meatballs;3;2;1;30;35;2;4;2;3;152;;1;4;199;Control
Burger;4;3;1;81;50;2;7;4;2;171;;1;4;203;Control
Sausages;2;2;1;73;50;2;7;4;2;171;;1;4;203;Control
Nuggets;5;5;1;89;50;2;7;4;2;171;;1;4;203;Control
Meatballs;5;3;1;81;50;2;7;4;2;171;;1;4;203;Control
Burger;2;1;0;25;59;1;7;4;3;224;;1;4;211;Six
Sausages;5;5;1;49;59;1;7;4;3;224;;1;4;211;Six
Nuggets;6;6;1;69;59;1;7;4;3;224;;1;4;211;Six
Meatballs;6;5;1;67;59;1;7;4;3;224;;1;4;211;Six
Burger;2;1;1;82;33;2;7;3;6;148;;1;4;213;Control
Sausages;2;1;1;81;33;2;7;3;6;148;;1;4;213;Control
Nuggets;3;2;1;82;33;2;7;3;6;148;;1;4;213;Control
Meatballs;3;1;1;81;33;2;7;3;6;148;;1;4;213;Control
Burger;6;6;1;85;64;2;8;2;1;156;;1;4;215;Control
Sausages;5;6;1;80;64;2;8;2;1;156;;1;4;215;Control
Nuggets;4;3;0;70;64;2;8;2;1;156;;1;4;215;Control
Meatballs;4;3;0;65;64;2;8;2;1;156;;1;4;215;Control
Burger;3;2;1;45;33;2;5;1;6;158;;1;4;222;Six
Sausages;4;3;1;70;33;2;5;1;6;158;;1;4;222;Six
Nuggets;2;2;0;35;33;2;5;1;6;158;;1;4;222;Six
Meatballs;2;1;0;15;33;2;5;1;6;158;;1;4;222;Six
Burger;4;6;1;30;42;2;7;3;4;136;;1;4;231;Six
Sausages;5;7;1;35;42;2;7;3;4;136;;1;4;231;Six
Nuggets;7;7;1;40;42;2;7;3;4;136;;1;4;231;Six
Meatballs;7;7;1;40;42;2;7;3;4;136;;1;4;231;Six
Burger;1;1;0;37;44;1;4;3;5;288;;1;4;237;Six
Sausages;4;3;1;71;44;1;4;3;5;288;;1;4;237;Six
Nuggets;1;1;0;29;44;1;4;3;5;288;;1;4;237;Six
Meatballs;1;1;0;50;44;1;4;3;5;288;;1;4;237;Six
Burger;6;6;1;79;53;1;7;3;4;213;;1;4;239;Control
Sausages;4;4;1;65;53;1;7;3;4;213;;1;4;239;Control
Nuggets;4;5;1;68;53;1;7;3;4;213;;1;4;239;Control
Meatballs;4;4;1;60;53;1;7;3;4;213;;1;4;239;Control
Burger;6;6;1;93;58;2;8;2;2;133;;1;4;241;Six
Sausages;3;3;1;64;58;2;8;2;2;133;;1;4;241;Six
Nuggets;5;4;1;92;58;2;8;2;2;133;;1;4;241;Six
Meatballs;5;4;1;90;58;2;8;2;2;133;;1;4;241;Six
Burger;7;7;1;75;58;2;5;2;1;164;;1;4;243;Control
Sausages;7;7;1;50;58;2;5;2;1;164;;1;4;243;Control
Nuggets;7;7;1;60;58;2;5;2;1;164;;1;4;243;Control
Meatballs;7;7;1;40;58;2;5;2;1;164;;1;4;243;Control
Burger;4;2;0;20;63;1;7;4;5;194;;1;4;256;Six
Sausages;3;2;0;15;63;1;7;4;5;194;;1;4;256;Six
Nuggets;2;2;0;10;63;1;7;4;5;194;;1;4;256;Six
Meatballs;5;2;0;25;63;1;7;4;5;194;;1;4;256;Six
Burger;6;4;1;59;54;2;5;1;4;148;;1;4;259;Six
Sausages;6;4;1;80;54;2;5;1;4;148;;1;4;259;Six
Nuggets;6;4;1;91;54;2;5;1;4;148;;1;4;259;Six
Meatballs;6;4;1;82;54;2;5;1;4;148;;1;4;259;Six
Burger;1;1;0;51;32;1;8;4;5;116;;1;4;260;Control
Sausages;1;1;1;62;32;1;8;4;5;116;;1;4;260;Control
Nuggets;1;1;0;20;32;1;8;4;5;116;;1;4;260;Control
Meatballs;1;1;0;36;32;1;8;4;5;116;;1;4;260;Control
Burger;2;2;1;34;46;1;5;2;2;155;;1;4;264;Six
Sausages;6;5;1;74;46;1;5;2;2;155;;1;4;264;Six
Nuggets;5;4;1;68;46;1;5;2;2;155;;1;4;264;Six
Meatballs;2;3;1;65;46;1;5;2;2;155;;1;4;264;Six
Burger;6;6;1;90;65;2;4;2;2;189;;1;4;271;Control
Sausages;3;3;1;48;65;2;4;2;2;189;;1;4;271;Control
Nuggets;4;5;1;52;65;2;4;2;2;189;;1;4;271;Control
Meatballs;4;5;1;84;65;2;4;2;2;189;;1;4;271;Control
Burger;4;2;0;41;37;1;5;4;2;136;;1;4;273;Six
Sausages;5;4;1;55;37;1;5;4;2;136;;1;4;273;Six
Nuggets;4;3;1;59;37;1;5;4;2;136;;1;4;273;Six
Meatballs;5;2;1;71;37;1;5;4;2;136;;1;4;273;Six
Burger;2;4;1;80;61;1;7;2;4;129;;1;4;275;Control
Sausages;2;3;1;72;61;1;7;2;4;129;;1;4;275;Control
Nuggets;2;1;1;72;61;1;7;2;4;129;;1;4;275;Control
Meatballs;2;1;0;51;61;1;7;2;4;129;;1;4;275;Control
Burger;4;4;1;61;28;2;4;2;4;202;;1;4;286;Six
Sausages;7;7;1;82;28;2;4;2;4;202;;1;4;286;Six
Nuggets;6;6;1;81;28;2;4;2;4;202;;1;4;286;Six
Meatballs;6;6;1;75;28;2;4;2;4;202;;1;4;286;Six
Burger;5;5;1;100;58;1;7;1;1;147;;1;4;292;Six
Sausages;6;6;1;100;58;1;7;1;1;147;;1;4;292;Six
Nuggets;5;4;1;100;58;1;7;1;1;147;;1;4;292;Six
Meatballs;6;5;1;96;58;1;7;1;1;147;;1;4;292;Six
Burger;5;1;0;76;43;2;5;2;4;266;;1;4;295;Control
Sausages;5;1;0;79;43;2;5;2;4;266;;1;4;295;Control
Nuggets;5;1;0;84;43;2;5;2;4;266;;1;4;295;Control
Meatballs;3;1;0;67;43;2;5;2;4;266;;1;4;295;Control
Burger;3;2;0;56;34;1;4;2;4;343;;1;4;299;Six
Sausages;3;1;0;51;34;1;4;2;4;343;;1;4;299;Six
Nuggets;1;1;0;11;34;1;4;2;4;343;;1;4;299;Six
Meatballs;3;1;0;53;34;1;4;2;4;343;;1;4;299;Six
Burger;6;5;1;70;54;1;5;3;3;156;;1;4;300;Six
Sausages;6;5;1;75;54;1;5;3;3;156;;1;4;300;Six
Nuggets;5;4;1;64;54;1;5;3;3;156;;1;4;300;Six
Meatballs;5;4;1;55;54;1;5;3;3;156;;1;4;300;Six
Burger;5;6;1;92;40;1;7;1;1;254;;1;4;303;Control
Sausages;3;5;1;92;40;1;7;1;1;254;;1;4;303;Control
Nuggets;3;4;1;91;40;1;7;1;1;254;;1;4;303;Control
Meatballs;3;3;1;76;40;1;7;1;1;254;;1;4;303;Control
Burger;6;7;1;60;35;1;7;4;5;106;;1;4;304;Control
Sausages;5;7;1;38;35;1;7;4;5;106;;1;4;304;Control
Nuggets;6;7;1;80;35;1;7;4;5;106;;1;4;304;Control
Meatballs;5;7;1;32;35;1;7;4;5;106;;1;4;304;Control
Burger;5;4;1;60;31;1;4;3;4;106;;2;4;320;Control
Sausages;4;3;0;40;31;1;4;3;4;106;;2;4;320;Control
Nuggets;5;4;1;80;31;1;4;3;4;106;;2;4;320;Control
Meatballs;3;2;0;10;31;1;4;3;4;106;;2;4;320;Control
Burger;6;2;1;71;32;2;5;3;4;198;;1;4;328;Control
Sausages;3;2;1;43;32;2;5;3;4;198;;1;4;328;Control
Nuggets;5;4;1;51;32;2;5;3;4;198;;1;4;328;Control
Meatballs;4;1;1;62;32;2;5;3;4;198;;1;4;328;Control
Burger;3;1;1;75;71;1;4;2;4;120;;1;4;332;Six
Sausages;3;1;1;79;71;1;4;2;4;120;;1;4;332;Six
Nuggets;2;1;1;76;71;1;4;2;4;120;;1;4;332;Six
Meatballs;3;1;1;65;71;1;4;2;4;120;;1;4;332;Six
Burger;3;1;1;36;47;2;5;3;3;141;;1;4;344;Six
Sausages;6;4;1;45;47;2;5;3;3;141;;1;4;344;Six
Nuggets;6;3;1;40;47;2;5;3;3;141;;1;4;344;Six
Meatballs;7;3;1;41;47;2;5;3;3;141;;1;4;344;Six
Burger;5;5;1;80;70;1;7;4;4;150;;1;4;346;Control
Sausages;4;4;1;74;70;1;7;4;4;150;;1;4;346;Control
Nuggets;4;4;1;70;70;1;7;4;4;150;;1;4;346;Control
Meatballs;5;5;1;78;70;1;7;4;4;150;;1;4;346;Control
Burger;2;2;1;86;34;1;6;2;3;106;;1;4;347;Control
Sausages;2;2;1;75;34;1;6;2;3;106;;1;4;347;Control
Nuggets;2;2;1;80;34;1;6;2;3;106;;1;4;347;Control
Meatballs;1;1;1;80;34;1;6;2;3;106;;1;4;347;Control
Burger;1;1;0;1;35;2;7;2;4;152;;1;4;348;Six
Sausages;2;1;0;6;35;2;7;2;4;152;;1;4;348;Six
Nuggets;1;1;0;2;35;2;7;2;4;152;;1;4;348;Six
Meatballs;1;1;0;0;35;2;7;2;4;152;;1;4;348;Six
Burger;4;5;1;85;59;2;7;3;4;232;;1;4;352;Six
Sausages;7;4;1;70;59;2;7;3;4;232;;1;4;352;Six
Nuggets;4;3;1;72;59;2;7;3;4;232;;1;4;352;Six
Meatballs;7;5;1;72;59;2;7;3;4;232;;1;4;352;Six
Burger;4;4;1;63;30;2;8;5;2;311;;1;4;358;Control
Sausages;5;5;1;72;30;2;8;5;2;311;;1;4;358;Control
Nuggets;4;2;1;66;30;2;8;5;2;311;;1;4;358;Control
Meatballs;3;4;1;60;30;2;8;5;2;311;;1;4;358;Control
Burger;3;1;0;28;77;1;5;3;6;164;;1;4;363;Control
Sausages;2;1;0;34;77;1;5;3;6;164;;1;4;363;Control
Nuggets;3;1;0;34;77;1;5;3;6;164;;1;4;363;Control
Meatballs;3;1;0;34;77;1;5;3;6;164;;1;4;363;Control
Burger;5;4;1;30;35;1;7;3;4;218;;1;4;364;Control
Sausages;5;5;1;61;35;1;7;3;4;218;;1;4;364;Control
Nuggets;4;3;1;32;35;1;7;3;4;218;;1;4;364;Control
Meatballs;5;4;1;50;35;1;7;3;4;218;;1;4;364;Control
Burger;1;1;1;73;36;1;7;2;3;166;;1;4;371;Six
Sausages;1;1;1;66;36;1;7;2;3;166;;1;4;371;Six
Nuggets;3;2;1;81;36;1;7;2;3;166;;1;4;371;Six
Meatballs;5;3;1;73;36;1;7;2;3;166;;1;4;371;Six
Burger;7;5;1;70;30;1;7;3;2;91;;1;4;374;Control
Sausages;5;5;1;60;30;1;7;3;2;91;;1;4;374;Control
Nuggets;7;7;1;90;30;1;7;3;2;91;;1;4;374;Control
Meatballs;5;4;1;40;30;1;7;3;2;91;;1;4;374;Control
Burger;5;5;1;82;54;1;8;4;4;123;;1;4;379;Six
Sausages;4;3;1;45;54;1;8;4;4;123;;1;4;379;Six
Nuggets;2;1;1;31;54;1;8;4;4;123;;1;4;379;Six
Meatballs;2;3;1;29;54;1;8;4;4;123;;1;4;379;Six
Burger;2;1;0;50;33;1;5;3;6;607;;1;4;381;Control
Sausages;1;1;0;50;33;1;5;3;6;607;;1;4;381;Control
Nuggets;1;1;0;70;33;1;5;3;6;607;;1;4;381;Control
Meatballs;1;1;0;60;33;1;5;3;6;607;;1;4;381;Control
Burger;3;1;0;72;56;2;5;3;6;196;;1;4;385;Six
Sausages;7;1;1;90;56;2;5;3;6;196;;1;4;385;Six
Nuggets;7;1;1;80;56;2;5;3;6;196;;1;4;385;Six
Meatballs;7;1;1;81;56;2;5;3;6;196;;1;4;385;Six
Burger;3;3;1;71;59;1;7;2;4;144;;1;4;389;Control
Sausages;1;1;1;60;59;1;7;2;4;144;;1;4;389;Control
Nuggets;1;1;0;30;59;1;7;2;4;144;;1;4;389;Control
Meatballs;1;1;0;14;59;1;7;2;4;144;;1;4;389;Control
Burger;6;6;1;87;21;1;7;4;3;188;;1;4;395;Six
Sausages;5;6;1;76;21;1;7;4;3;188;;1;4;395;Six
Nuggets;4;4;1;62;21;1;7;4;3;188;;1;4;395;Six
Meatballs;6;5;1;67;21;1;7;4;3;188;;1;4;395;Six
Burger;6;5;1;93;33;1;5;2;4;153;;1;4;396;Six
Sausages;5;4;1;73;33;1;5;2;4;153;;1;4;396;Six
Nuggets;5;4;1;73;33;1;5;2;4;153;;1;4;396;Six
Meatballs;3;1;0;62;33;1;5;2;4;153;;1;4;396;Six
Burger;4;4;1;82;60;2;7;4;3;128;;1;4;401;Control
Sausages;3;2;1;66;60;2;7;4;3;128;;1;4;401;Control
Nuggets;1;1;0;20;60;2;7;4;3;128;;1;4;401;Control
Meatballs;3;4;1;56;60;2;7;4;3;128;;1;4;401;Control
Burger;4;1;1;50;72;4;5;2;5;141;sissy;1;4;407;Control
Sausages;4;1;1;81;72;4;5;2;5;141;sissy;1;4;407;Control
Nuggets;4;1;1;71;72;4;5;2;5;141;sissy;1;4;407;Control
Meatballs;4;1;1;39;72;4;5;2;5;141;sissy;1;4;407;Control
Burger;5;3;1;80;34;2;7;4;6;111;;1;4;408;Control
Sausages;4;3;1;64;34;2;7;4;6;111;;1;4;408;Control
Nuggets;5;4;1;81;34;2;7;4;6;111;;1;4;408;Control
Meatballs;4;3;0;50;34;2;7;4;6;111;;1;4;408;Control
Burger;2;2;1;70;40;1;7;5;4;145;;1;4;416;Six
Sausages;6;6;1;80;40;1;7;5;4;145;;1;4;416;Six
Nuggets;5;5;1;80;40;1;7;5;4;145;;1;4;416;Six
Meatballs;5;6;1;67;40;1;7;5;4;145;;1;4;416;Six
Burger;6;5;1;40;42;1;7;4;3;105;;1;4;439;Control
Sausages;5;4;1;40;42;1;7;4;3;105;;1;4;439;Control
Nuggets;5;4;1;40;42;1;7;4;3;105;;1;4;439;Control
Meatballs;4;3;1;30;42;1;7;4;3;105;;1;4;439;Control
Burger;4;3;1;80;60;1;8;4;4;208;;1;4;445;Control
Sausages;2;2;1;80;60;1;8;4;4;208;;1;4;445;Control
Nuggets;2;1;1;75;60;1;8;4;4;208;;1;4;445;Control
Meatballs;2;2;1;65;60;1;8;4;4;208;;1;4;445;Control
Burger;3;5;1;50;18;2;4;4;3;105;;1;4;455;Control
Sausages;2;2;0;20;18;2;4;4;3;105;;1;4;455;Control
Nuggets;2;2;0;16;18;2;4;4;3;105;;1;4;455;Control
Meatballs;2;2;0;11;18;2;4;4;3;105;;1;4;455;Control
Burger;4;4;1;51;43;2;4;2;2;144;;1;4;457;Six
Sausages;5;4;1;66;43;2;4;2;2;144;;1;4;457;Six
Nuggets;5;4;1;72;43;2;4;2;2;144;;1;4;457;Six
Meatballs;6;5;1;73;43;2;4;2;2;144;;1;4;457;Six
Burger;2;4;1;72;27;2;7;1;3;211;;1;4;458;Six
Sausages;5;6;1;74;27;2;7;1;3;211;;1;4;458;Six
Nuggets;5;5;1;69;27;2;7;1;3;211;;1;4;458;Six
Meatballs;5;6;1;64;27;2;7;1;3;211;;1;4;458;Six
Burger;5;3;1;81;40;2;5;4;2;304;;1;4;462;Control
Sausages;2;2;0;42;40;2;5;4;2;304;;1;4;462;Control
Nuggets;3;3;1;81;40;2;5;4;2;304;;1;4;462;Control
Meatballs;2;3;1;82;40;2;5;4;2;304;;1;4;462;Control
Burger;5;5;1;92;40;2;6;4;2;282;;1;4;465;Six
Sausages;6;6;1;94;40;2;6;4;2;282;;1;4;465;Six
Nuggets;5;7;1;92;40;2;6;4;2;282;;1;4;465;Six
Meatballs;5;5;1;80;40;2;6;4;2;282;;1;4;465;Six
Burger;4;4;1;56;34;1;6;2;1;95;;1;4;469;Control
Sausages;4;5;1;72;34;1;6;2;1;95;;1;4;469;Control
Nuggets;5;6;1;77;34;1;6;2;1;95;;1;4;469;Control
Meatballs;5;6;1;79;34;1;6;2;1;95;;1;4;469;Control
Burger;3;2;0;61;53;1;7;4;2;569;;1;4;471;Six
Sausages;5;2;0;40;53;1;7;4;2;569;;1;4;471;Six
Nuggets;3;2;0;20;53;1;7;4;2;569;;1;4;471;Six
Meatballs;2;2;0;40;53;1;7;4;2;569;;1;4;471;Six
Burger;4;5;1;61;51;1;7;4;2;118;;1;4;473;Control
Sausages;4;5;1;62;51;1;7;4;2;118;;1;4;473;Control
Nuggets;4;3;1;45;51;1;7;4;2;118;;1;4;473;Control
Meatballs;4;4;1;55;51;1;7;4;2;118;;1;4;473;Control
Burger;2;1;0;41;37;1;8;3;6;126;;1;4;475;Six
Sausages;2;2;0;31;37;1;8;3;6;126;;1;4;475;Six
Nuggets;6;5;1;25;37;1;8;3;6;126;;1;4;475;Six
Meatballs;1;1;0;5;37;1;8;3;6;126;;1;4;475;Six
Burger;5;6;1;80;35;1;8;3;2;96;;1;4;481;Control
Sausages;5;6;1;70;35;1;8;3;2;96;;1;4;481;Control
Nuggets;5;6;1;90;35;1;8;3;2;96;;1;4;481;Control
Meatballs;5;6;1;65;35;1;8;3;2;96;;1;4;481;Control
Burger;7;2;1;100;53;2;7;4;6;214;;1;4;485;Control
Sausages;7;3;1;82;53;2;7;4;6;214;;1;4;485;Control
Nuggets;6;1;1;91;53;2;7;4;6;214;;1;4;485;Control
Meatballs;5;1;1;100;53;2;7;4;6;214;;1;4;485;Control
Burger;3;3;0;9;51;2;7;5;2;122;;1;4;487;Six
Sausages;4;4;1;40;51;2;7;5;2;122;;1;4;487;Six
Nuggets;6;6;1;30;51;2;7;5;2;122;;1;4;487;Six
Meatballs;5;5;1;35;51;2;7;5;2;122;;1;4;487;Six
Burger;4;4;1;70;25;2;4;3;3;103;;1;4;496;Six
Sausages;5;4;1;70;25;2;4;3;3;103;;1;4;496;Six
Nuggets;3;3;1;70;25;2;4;3;3;103;;1;4;496;Six
Meatballs;5;4;1;70;25;2;4;3;3;103;;1;4;496;Six
Burger;3;1;0;80;52;2;6;4;5;170;;1;4;499;Six
Sausages;2;1;0;80;52;2;6;4;5;170;;1;4;499;Six
Nuggets;3;1;0;70;52;2;6;4;5;170;;1;4;499;Six
Meatballs;3;1;0;80;52;2;6;4;5;170;;1;4;499;Six
Burger;1;1;0;40;28;2;4;2;4;142;;1;4;506;Control
Sausages;1;1;0;30;28;2;4;2;4;142;;1;4;506;Control
Nuggets;5;5;1;60;28;2;4;2;4;142;;1;4;506;Control
Meatballs;1;1;0;25;28;2;4;2;4;142;;1;4;506;Control
Burger;2;2;0;20;62;2;7;5;5;148;;1;4;507;Six
Sausages;3;2;0;30;62;2;7;5;5;148;;1;4;507;Six
Nuggets;4;3;1;50;62;2;7;5;5;148;;1;4;507;Six
Meatballs;3;3;1;40;62;2;7;5;5;148;;1;4;507;Six
Burger;6;6;1;61;58;1;7;4;1;108;;1;4;508;Control
Sausages;6;6;1;64;58;1;7;4;1;108;;1;4;508;Control
Nuggets;6;6;1;73;58;1;7;4;1;108;;1;4;508;Control
Meatballs;5;5;1;50;58;1;7;4;1;108;;1;4;508;Control
Burger;1;1;0;22;29;2;5;4;7;440;;1;4;516;Six
Sausages;2;1;0;25;29;2;5;4;7;440;;1;4;516;Six
Nuggets;1;1;0;21;29;2;5;4;7;440;;1;4;516;Six
Meatballs;1;1;0;0;29;2;5;4;7;440;;1;4;516;Six
Burger;3;1;0;21;26;1;7;5;3;332;;1;4;518;Six
Sausages;3;1;0;37;26;1;7;5;3;332;;1;4;518;Six
Nuggets;4;1;0;60;26;1;7;5;3;332;;1;4;518;Six
Meatballs;2;1;0;30;26;1;7;5;3;332;;1;4;518;Six
Burger;3;2;0;47;51;2;4;3;4;112;;1;4;521;Control
Sausages;2;1;0;41;51;2;4;3;4;112;;1;4;521;Control
Nuggets;2;1;0;61;51;2;4;3;4;112;;1;4;521;Control
Meatballs;1;1;0;13;51;2;4;3;4;112;;1;4;521;Control
Burger;5;2;1;80;29;2;5;2;6;130;;1;4;531;Control
Sausages;1;1;0;60;29;2;5;2;6;130;;1;4;531;Control
Nuggets;1;1;0;50;29;2;5;2;6;130;;1;4;531;Control
Meatballs;1;1;0;29;29;2;5;2;6;130;;1;4;531;Control
Burger;3;4;1;70;47;1;8;3;3;146;;1;4;534;Six
Sausages;4;3;1;70;47;1;8;3;3;146;;1;4;534;Six
Nuggets;5;5;1;60;47;1;8;3;3;146;;1;4;534;Six
Meatballs;5;5;1;55;47;1;8;3;3;146;;1;4;534;Six
Burger;1;1;0;40;53;1;5;1;5;156;;1;4;549;Control
Sausages;2;1;0;55;53;1;5;1;5;156;;1;4;549;Control
Nuggets;2;2;0;60;53;1;5;1;5;156;;1;4;549;Control
Meatballs;2;1;0;55;53;1;5;1;5;156;;1;4;549;Control
Burger;2;1;1;30;39;2;7;4;4;136;;1;4;552;Control
Sausages;4;1;1;30;39;2;7;4;4;136;;1;4;552;Control
Nuggets;4;1;1;29;39;2;7;4;4;136;;1;4;552;Control
Meatballs;3;1;1;20;39;2;7;4;4;136;;1;4;552;Control
Burger;7;5;1;82;28;2;5;3;4;178;;1;4;553;Six
Sausages;6;4;1;70;28;2;5;3;4;178;;1;4;553;Six
Nuggets;6;3;1;51;28;2;5;3;4;178;;1;4;553;Six
Meatballs;7;4;1;61;28;2;5;3;4;178;;1;4;553;Six
Burger;3;2;1;85;40;1;6;1;3;264;;1;4;556;Six
Sausages;5;4;1;65;40;1;6;1;3;264;;1;4;556;Six
Nuggets;6;6;1;95;40;1;6;1;3;264;;1;4;556;Six
Meatballs;5;5;1;70;40;1;6;1;3;264;;1;4;556;Six
Burger;4;4;1;59;54;2;7;2;4;115;;1;4;560;Six
Sausages;5;4;1;60;54;2;7;2;4;115;;1;4;560;Six
Nuggets;4;3;1;50;54;2;7;2;4;115;;1;4;560;Six
Meatballs;4;1;1;40;54;2;7;2;4;115;;1;4;560;Six
Burger;4;4;1;80;28;1;7;3;1;123;;1;4;573;Control
Sausages;2;1;1;75;28;1;7;3;1;123;;1;4;573;Control
Nuggets;2;1;1;64;28;1;7;3;1;123;;1;4;573;Control
Meatballs;4;4;1;85;28;1;7;3;1;123;;1;4;573;Control
Burger;3;4;1;60;28;1;7;4;3;406;;1;4;579;Six
Sausages;6;6;1;80;28;1;7;4;3;406;;1;4;579;Six
Nuggets;5;5;1;70;28;1;7;4;3;406;;1;4;579;Six
Meatballs;5;5;1;65;28;1;7;4;3;406;;1;4;579;Six
Burger;6;1;0;6;56;2;7;3;7;231;;1;4;585;Control
Sausages;5;1;0;7;56;2;7;3;7;231;;1;4;585;Control
Nuggets;5;1;0;6;56;2;7;3;7;231;;1;4;585;Control
Meatballs;3;1;0;3;56;2;7;3;7;231;;1;4;585;Control
Burger;7;7;1;79;35;1;7;4;5;242;;1;4;590;Six
Sausages;6;7;1;65;35;1;7;4;5;242;;1;4;590;Six
Nuggets;5;4;0;37;35;1;7;4;5;242;;1;4;590;Six
Meatballs;7;7;1;67;35;1;7;4;5;242;;1;4;590;Six
Burger;5;5;1;71;58;1;5;5;6;140;;1;4;591;Six
Sausages;5;5;1;63;58;1;5;5;6;140;;1;4;591;Six
Nuggets;5;5;1;76;58;1;5;5;6;140;;1;4;591;Six
Meatballs;5;5;1;62;58;1;5;5;6;140;;1;4;591;Six
Burger;5;4;1;70;36;1;7;1;1;200;;1;4;595;Six
Sausages;5;4;1;71;36;1;7;1;1;200;;1;4;595;Six
Nuggets;5;4;1;70;36;1;7;1;1;200;;1;4;595;Six
Meatballs;5;4;1;71;36;1;7;1;1;200;;1;4;595;Six
Burger;4;3;1;80;62;2;7;3;1;177;;1;4;608;Control
Sausages;3;3;1;75;62;2;7;3;1;177;;1;4;608;Control
Nuggets;4;3;1;85;62;2;7;3;1;177;;1;4;608;Control
Meatballs;3;2;1;55;62;2;7;3;1;177;;1;4;608;Control
Burger;6;5;1;75;29;1;7;4;2;210;;1;4;613;Control
Sausages;5;2;1;75;29;1;7;4;2;210;;1;4;613;Control
Nuggets;5;5;1;80;29;1;7;4;2;210;;1;4;613;Control
Meatballs;3;2;1;60;29;1;7;4;2;210;;1;4;613;Control
Burger;5;4;1;80;57;2;8;3;3;246;;1;4;615;Six
Sausages;5;5;1;90;57;2;8;3;3;246;;1;4;615;Six
Nuggets;4;4;1;85;57;2;8;3;3;246;;1;4;615;Six
Meatballs;1;1;0;60;57;2;8;3;3;246;;1;4;615;Six
Burger;4;2;1;44;78;2;5;1;4;248;;1;4;617;Control
Sausages;4;4;1;40;78;2;5;1;4;248;;1;4;617;Control
Nuggets;5;3;1;55;78;2;5;1;4;248;;1;4;617;Control
Meatballs;3;4;1;48;78;2;5;1;4;248;;1;4;617;Control
Burger;3;3;1;50;60;1;8;4;2;235;;1;4;624;Six
Sausages;4;3;1;55;60;1;8;4;2;235;;1;4;624;Six
Nuggets;2;3;1;50;60;1;8;4;2;235;;1;4;624;Six
Meatballs;4;3;1;50;60;1;8;4;2;235;;1;4;624;Six
Burger;6;7;1;95;52;2;6;2;4;350;;1;4;625;Control
Sausages;6;6;1;92;52;2;6;2;4;350;;1;4;625;Control
Nuggets;6;6;1;92;52;2;6;2;4;350;;1;4;625;Control
Meatballs;6;6;1;90;52;2;6;2;4;350;;1;4;625;Control
Burger;6;6;1;84;32;1;7;2;4;99;;1;4;635;Control
Sausages;5;4;1;72;32;1;7;2;4;99;;1;4;635;Control
Nuggets;6;5;1;88;32;1;7;2;4;99;;1;4;635;Control
Meatballs;4;4;1;63;32;1;7;2;4;99;;1;4;635;Control
Burger;4;1;0;15;37;1;7;2;7;148;;1;4;637;Control
Sausages;5;1;0;20;37;1;7;2;7;148;;1;4;637;Control
Nuggets;5;1;0;20;37;1;7;2;7;148;;1;4;637;Control
Meatballs;4;1;0;10;37;1;7;2;7;148;;1;4;637;Control
Burger;7;5;1;78;66;1;5;2;4;114;;1;4;638;Six
Sausages;7;6;1;87;66;1;5;2;4;114;;1;4;638;Six
Nuggets;7;6;1;72;66;1;5;2;4;114;;1;4;638;Six
Meatballs;7;6;1;82;66;1;5;2;4;114;;1;4;638;Six
Burger;4;4;1;70;71;2;3;2;4;234;;1;4;639;Six
Sausages;6;6;1;70;71;2;3;2;4;234;;1;4;639;Six
Nuggets;5;4;1;70;71;2;3;2;4;234;;1;4;639;Six
Meatballs;6;6;1;70;71;2;3;2;4;234;;1;4;639;Six
Burger;6;5;1;89;27;1;8;4;4;223;;1;4;640;Six
Sausages;5;4;1;80;27;1;8;4;4;223;;1;4;640;Six
Nuggets;5;5;1;90;27;1;8;4;4;223;;1;4;640;Six
Meatballs;5;3;1;85;27;1;8;4;4;223;;1;4;640;Six
Burger;6;6;1;91;34;2;7;1;2;142;;1;4;645;Six
Sausages;5;5;1;84;34;2;7;1;2;142;;1;4;645;Six
Nuggets;2;2;1;59;34;2;7;1;2;142;;1;4;645;Six
Meatballs;4;4;1;73;34;2;7;1;2;142;;1;4;645;Six
Burger;4;5;1;92;25;2;5;3;2;86;;1;4;649;Control
Sausages;2;2;0;41;25;2;5;3;2;86;;1;4;649;Control
Nuggets;5;5;1;59;25;2;5;3;2;86;;1;4;649;Control
Meatballs;4;3;1;71;25;2;5;3;2;86;;1;4;649;Control
Burger;1;1;0;11;66;2;4;1;5;280;;1;4;656;Control
Sausages;1;1;0;11;66;2;4;1;5;280;;1;4;656;Control
Nuggets;1;1;0;11;66;2;4;1;5;280;;1;4;656;Control
Meatballs;1;1;0;11;66;2;4;1;5;280;;1;4;656;Control
Burger;3;6;1;69;41;2;8;2;2;191;;1;4;666;Six
Sausages;6;6;1;70;41;2;8;2;2;191;;1;4;666;Six
Nuggets;5;7;1;69;41;2;8;2;2;191;;1;4;666;Six
Meatballs;6;7;1;78;41;2;8;2;2;191;;1;4;666;Six
Burger;4;4;1;84;34;2;7;3;3;93;;1;4;667;Control
Sausages;3;3;1;83;34;2;7;3;3;93;;1;4;667;Control
Nuggets;4;4;1;86;34;2;7;3;3;93;;1;4;667;Control
Meatballs;1;1;1;67;34;2;7;3;3;93;;1;4;667;Control
Burger;3;2;0;20;24;1;7;3;4;533;;1;4;673;Six
Sausages;4;5;1;49;24;1;7;3;4;533;;1;4;673;Six
Nuggets;4;5;1;50;24;1;7;3;4;533;;1;4;673;Six
Meatballs;3;2;0;29;24;1;7;3;4;533;;1;4;673;Six
Burger;4;1;0;70;69;1;6;3;3;229;;1;4;686;Control
Sausages;4;1;0;60;69;1;6;3;3;229;;1;4;686;Control
Nuggets;1;1;0;20;69;1;6;3;3;229;;1;4;686;Control
Meatballs;1;1;0;20;69;1;6;3;3;229;;1;4;686;Control
Burger;2;3;1;73;45;1;8;5;2;113;;1;4;689;Control
Sausages;3;2;1;73;45;1;8;5;2;113;;1;4;689;Control
Nuggets;2;2;1;71;45;1;8;5;2;113;;1;4;689;Control
Meatballs;1;1;1;41;45;1;8;5;2;113;;1;4;689;Control
Burger;1;1;0;10;27;1;4;2;2;210;;1;4;705;Six
Sausages;5;3;1;60;27;1;4;2;2;210;;1;4;705;Six
Nuggets;3;1;0;30;27;1;4;2;2;210;;1;4;705;Six
Meatballs;4;2;1;30;27;1;4;2;2;210;;1;4;705;Six
Burger;5;2;1;51;58;2;5;5;5;338;;1;4;706;Control
Sausages;3;1;1;40;58;2;5;5;5;338;;1;4;706;Control
Nuggets;2;2;1;56;58;2;5;5;5;338;;1;4;706;Control
Meatballs;4;2;1;50;58;2;5;5;5;338;;1;4;706;Control
Burger;5;3;1;85;37;1;7;4;3;110;;1;4;709;Control
Sausages;5;4;1;90;37;1;7;4;3;110;;1;4;709;Control
Nuggets;5;5;1;90;37;1;7;4;3;110;;1;4;709;Control
Meatballs;3;2;1;80;37;1;7;4;3;110;;1;4;709;Control
Burger;5;2;1;54;36;2;6;2;5;512;;1;4;712;Six
Sausages;5;2;1;61;36;2;6;2;5;512;;1;4;712;Six
Nuggets;3;1;1;13;36;2;6;2;5;512;;1;4;712;Six
Meatballs;6;2;1;55;36;2;6;2;5;512;;1;4;712;Six
Burger;1;1;0;20;51;2;7;4;2;208;;1;4;713;Six
Sausages;3;3;0;40;51;2;7;4;2;208;;1;4;713;Six
Nuggets;5;5;1;72;51;2;7;4;2;208;;1;4;713;Six
Meatballs;5;5;1;72;51;2;7;4;2;208;;1;4;713;Six
Burger;5;5;1;85;39;1;8;3;1;147;;1;4;723;Control
Sausages;5;5;1;85;39;1;8;3;1;147;;1;4;723;Control
Nuggets;4;5;1;80;39;1;8;3;1;147;;1;4;723;Control
Meatballs;3;4;1;50;39;1;8;3;1;147;;1;4;723;Control
Burger;7;4;1;63;26;2;4;2;5;255;;1;4;725;Six
Sausages;6;1;0;52;26;2;4;2;5;255;;1;4;725;Six
Nuggets;5;3;1;51;26;2;4;2;5;255;;1;4;725;Six
Meatballs;7;2;1;31;26;2;4;2;5;255;;1;4;725;Six
Burger;2;4;1;63;33;1;7;2;4;148;;1;4;727;Six
Sausages;2;1;1;60;33;1;7;2;4;148;;1;4;727;Six
Nuggets;6;5;1;50;33;1;7;2;4;148;;1;4;727;Six
Meatballs;5;3;1;57;33;1;7;2;4;148;;1;4;727;Six
Burger;2;2;1;77;61;2;4;3;6;154;;1;4;736;Six
Sausages;6;2;1;92;61;2;4;3;6;154;;1;4;736;Six
Nuggets;2;2;0;70;61;2;4;3;6;154;;1;4;736;Six
Meatballs;5;3;1;87;61;2;4;3;6;154;;1;4;736;Six
Burger;1;1;0;31;52;1;4;4;5;169;;1;4;738;Control
Sausages;1;1;0;31;52;1;4;4;5;169;;1;4;738;Control
Nuggets;1;1;0;31;52;1;4;4;5;169;;1;4;738;Control
Meatballs;1;1;0;31;52;1;4;4;5;169;;1;4;738;Control
Burger;5;3;1;55;31;1;4;3;4;200;;1;4;740;Control
Sausages;2;1;1;22;31;1;4;3;4;200;;1;4;740;Control
Nuggets;4;2;1;75;31;1;4;3;4;200;;1;4;740;Control
Meatballs;2;1;1;43;31;1;4;3;4;200;;1;4;740;Control
Burger;5;7;1;90;32;1;8;3;3;102;;1;4;741;Control
Sausages;5;6;1;80;32;1;8;3;3;102;;1;4;741;Control
Nuggets;6;6;1;95;32;1;8;3;3;102;;1;4;741;Control
Meatballs;4;6;1;65;32;1;8;3;3;102;;1;4;741;Control
Burger;5;5;1;67;27;2;7;4;4;262;;1;4;749;Six
Sausages;3;4;0;42;27;2;7;4;4;262;;1;4;749;Six
Nuggets;5;5;1;83;27;2;7;4;4;262;;1;4;749;Six
Meatballs;6;6;1;89;27;2;7;4;4;262;;1;4;749;Six
Burger;1;6;1;58;48;2;8;4;2;186;;1;4;752;Six
Sausages;6;7;1;75;48;2;8;4;2;186;;1;4;752;Six
Nuggets;7;7;1;82;48;2;8;4;2;186;;1;4;752;Six
Meatballs;5;6;1;65;48;2;8;4;2;186;;1;4;752;Six
Burger;4;4;1;88;43;1;4;3;5;156;;1;4;763;Control
Sausages;4;4;1;77;43;1;4;3;5;156;;1;4;763;Control
Nuggets;3;2;0;63;43;1;4;3;5;156;;1;4;763;Control
Meatballs;3;2;1;75;43;1;4;3;5;156;;1;4;763;Control
Burger;3;4;1;80;57;2;7;4;2;170;;1;4;768;Six
Sausages;4;4;1;85;57;2;7;4;2;170;;1;4;768;Six
Nuggets;6;6;1;90;57;2;7;4;2;170;;1;4;768;Six
Meatballs;6;5;1;80;57;2;7;4;2;170;;1;4;768;Six
Burger;4;2;1;90;58;1;4;1;5;207;;1;4;775;Six
Sausages;5;1;0;60;58;1;4;1;5;207;;1;4;775;Six
Nuggets;3;1;0;80;58;1;4;1;5;207;;1;4;775;Six
Meatballs;4;2;0;85;58;1;4;1;5;207;;1;4;775;Six
Burger;5;4;1;80;62;1;7;4;6;204;;1;4;779;Control
Sausages;5;4;1;75;62;1;7;4;6;204;;1;4;779;Control
Nuggets;4;3;1;70;62;1;7;4;6;204;;1;4;779;Control
Meatballs;3;2;1;25;62;1;7;4;6;204;;1;4;779;Control
Burger;5;6;1;100;51;1;6;3;5;112;;1;4;781;Six
Sausages;6;6;1;100;51;1;6;3;5;112;;1;4;781;Six
Nuggets;5;5;1;96;51;1;6;3;5;112;;1;4;781;Six
Meatballs;4;4;1;97;51;1;6;3;5;112;;1;4;781;Six
Burger;5;1;1;70;23;1;6;3;6;110;;1;4;782;Six
Sausages;6;2;1;75;23;1;6;3;6;110;;1;4;782;Six
Nuggets;7;2;1;70;23;1;6;3;6;110;;1;4;782;Six
Meatballs;3;1;1;60;23;1;6;3;6;110;;1;4;782;Six
Burger;3;3;1;80;26;2;7;2;3;149;;1;4;785;Control
Sausages;1;2;1;70;26;2;7;2;3;149;;1;4;785;Control
Nuggets;3;2;1;70;26;2;7;2;3;149;;1;4;785;Control
Meatballs;2;2;1;75;26;2;7;2;3;149;;1;4;785;Control
Burger;5;6;1;62;49;1;7;3;3;171;;1;4;802;Six
Sausages;6;6;1;100;49;1;7;3;3;171;;1;4;802;Six
Nuggets;5;5;1;81;49;1;7;3;3;171;;1;4;802;Six
Meatballs;5;5;1;85;49;1;7;3;3;171;;1;4;802;Six
Burger;2;1;1;40;28;1;4;2;4;151;;1;4;803;Control
Sausages;1;1;1;55;28;1;4;2;4;151;;1;4;803;Control
Nuggets;1;1;1;70;28;1;4;2;4;151;;1;4;803;Control
Meatballs;1;1;0;10;28;1;4;2;4;151;;1;4;803;Control
Burger;3;3;1;74;73;2;6;3;3;180;;1;4;812;Six
Sausages;5;5;1;85;73;2;6;3;3;180;;1;4;812;Six
Nuggets;6;5;1;86;73;2;6;3;3;180;;1;4;812;Six
Meatballs;4;4;1;73;73;2;6;3;3;180;;1;4;812;Six
Burger;5;2;1;60;74;1;5;1;5;261;;1;4;820;Control
Sausages;2;1;1;25;74;1;5;1;5;261;;1;4;820;Control
Nuggets;3;2;1;40;74;1;5;1;5;261;;1;4;820;Control
Meatballs;3;1;1;35;74;1;5;1;5;261;;1;4;820;Control
Burger;4;3;1;72;61;1;7;2;4;238;;1;4;825;Control
Sausages;5;4;1;70;61;1;7;2;4;238;;1;4;825;Control
Nuggets;4;2;1;70;61;1;7;2;4;238;;1;4;825;Control
Meatballs;5;4;1;65;61;1;7;2;4;238;;1;4;825;Control
Burger;3;4;1;65;45;2;8;2;2;235;;1;4;830;Six
Sausages;5;4;1;80;45;2;8;2;2;235;;1;4;830;Six
Nuggets;3;1;0;60;45;2;8;2;2;235;;1;4;830;Six
Meatballs;2;1;0;68;45;2;8;2;2;235;;1;4;830;Six
Burger;6;6;1;80;48;1;5;2;4;117;;1;4;833;Control
Sausages;3;3;0;40;48;1;5;2;4;117;;1;4;833;Control
Nuggets;5;5;1;70;48;1;5;2;4;117;;1;4;833;Control
Meatballs;4;4;1;55;48;1;5;2;4;117;;1;4;833;Control
Burger;2;1;0;80;31;2;8;3;2;126;;1;4;839;Six
Sausages;4;1;0;80;31;2;8;3;2;126;;1;4;839;Six
Nuggets;4;1;0;90;31;2;8;3;2;126;;1;4;839;Six
Meatballs;4;1;0;90;31;2;8;3;2;126;;1;4;839;Six
Burger;5;3;1;67;58;2;7;2;2;202;;1;4;843;Six
Sausages;4;3;1;62;58;2;7;2;2;202;;1;4;843;Six
Nuggets;4;5;1;60;58;2;7;2;2;202;;1;4;843;Six
Meatballs;5;5;1;69;58;2;7;2;2;202;;1;4;843;Six
Burger;4;3;1;65;45;1;5;4;5;117;;1;4;847;Control
Sausages;2;2;1;45;45;1;5;4;5;117;;1;4;847;Control
Nuggets;3;2;1;60;45;1;5;4;5;117;;1;4;847;Control
Meatballs;3;2;1;70;45;1;5;4;5;117;;1;4;847;Control
Burger;4;3;1;66;52;2;7;4;3;221;;1;4;850;Control
Sausages;2;2;1;44;52;2;7;4;3;221;;1;4;850;Control
Nuggets;4;2;1;61;52;2;7;4;3;221;;1;4;850;Control
Meatballs;4;3;1;62;52;2;7;4;3;221;;1;4;850;Control
Burger;4;2;1;59;21;1;7;5;2;134;;1;4;857;Six
Sausages;5;2;1;65;21;1;7;5;2;134;;1;4;857;Six
Nuggets;5;3;1;75;21;1;7;5;2;134;;1;4;857;Six
Meatballs;6;2;1;55;21;1;7;5;2;134;;1;4;857;Six
Burger;6;5;1;65;54;1;5;2;4;219;;1;4;859;Six
Sausages;3;3;1;60;54;1;5;2;4;219;;1;4;859;Six
Nuggets;3;4;1;60;54;1;5;2;4;219;;1;4;859;Six
Meatballs;4;3;1;50;54;1;5;2;4;219;;1;4;859;Six
Burger;4;4;1;100;27;2;5;1;4;154;;1;4;861;Six
Sausages;4;4;1;100;27;2;5;1;4;154;;1;4;861;Six
Nuggets;3;2;1;100;27;2;5;1;4;154;;1;4;861;Six
Meatballs;2;2;1;100;27;2;5;1;4;154;;1;4;861;Six
Burger;5;5;1;40;46;1;4;4;3;1305;;1;4;864;Control
Sausages;3;3;1;35;46;1;4;4;3;1305;;1;4;864;Control
Nuggets;5;5;1;35;46;1;4;4;3;1305;;1;4;864;Control
Meatballs;2;2;1;25;46;1;4;4;3;1305;;1;4;864;Control
Burger;6;4;1;80;58;1;7;4;4;365;;1;4;869;Control
Sausages;4;5;1;85;58;1;7;4;4;365;;1;4;869;Control
Nuggets;5;4;1;80;58;1;7;4;4;365;;1;4;869;Control
Meatballs;4;3;1;70;58;1;7;4;4;365;;1;4;869;Control
Burger;5;5;1;35;31;2;7;2;1;147;;1;4;875;Control
Sausages;4;6;1;29;31;2;7;2;1;147;;1;4;875;Control
Nuggets;3;2;1;39;31;2;7;2;1;147;;1;4;875;Control
Meatballs;4;5;1;30;31;2;7;2;1;147;;1;4;875;Control
Burger;5;4;1;60;36;2;7;5;2;93;;1;4;879;Control
Sausages;4;4;1;40;36;2;7;5;2;93;;1;4;879;Control
Nuggets;4;4;1;50;36;2;7;5;2;93;;1;4;879;Control
Meatballs;3;3;1;30;36;2;7;5;2;93;;1;4;879;Control
Burger;4;1;1;70;45;1;7;4;5;169;;1;4;888;Six
Sausages;4;2;1;80;45;1;7;4;5;169;;1;4;888;Six
Nuggets;3;1;1;80;45;1;7;4;5;169;;1;4;888;Six
Meatballs;5;2;1;80;45;1;7;4;5;169;;1;4;888;Six
Burger;3;4;1;50;38;2;7;5;2;119;;1;4;892;Six
Sausages;5;5;1;60;38;2;7;5;2;119;;1;4;892;Six
Nuggets;4;4;1;70;38;2;7;5;2;119;;1;4;892;Six
Meatballs;6;6;1;75;38;2;7;5;2;119;;1;4;892;Six
Burger;6;3;1;90;47;2;7;2;4;220;;1;4;894;Six
Sausages;6;3;1;91;47;2;7;2;4;220;;1;4;894;Six
Nuggets;5;4;1;80;47;2;7;2;4;220;;1;4;894;Six
Meatballs;4;2;1;79;47;2;7;2;4;220;;1;4;894;Six
Burger;4;3;1;88;50;2;7;2;6;102;;1;4;907;Control
Sausages;2;2;1;77;50;2;7;2;6;102;;1;4;907;Control
Nuggets;3;2;1;90;50;2;7;2;6;102;;1;4;907;Control
Meatballs;2;2;1;79;50;2;7;2;6;102;;1;4;907;Control
Burger;6;5;1;90;48;1;7;5;5;157;;1;4;910;Control
Sausages;3;2;1;80;48;1;7;5;5;157;;1;4;910;Control
Nuggets;4;4;1;75;48;1;7;5;5;157;;1;4;910;Control
Meatballs;4;3;1;65;48;1;7;5;5;157;;1;4;910;Control
Burger;1;1;1;21;34;1;8;5;2;297;;1;4;916;Control
Sausages;1;1;1;50;34;1;8;5;2;297;;1;4;916;Control
Nuggets;1;1;1;40;34;1;8;5;2;297;;1;4;916;Control
Meatballs;1;1;0;21;34;1;8;5;2;297;;1;4;916;Control
Burger;3;1;0;10;22;1;8;1;6;106;;2;4;920;Control
Sausages;2;1;0;47;22;1;8;1;6;106;;2;4;920;Control
Nuggets;3;1;0;31;22;1;8;1;6;106;;2;4;920;Control
Meatballs;5;1;1;68;22;1;8;1;6;106;;2;4;920;Control
Burger;6;6;1;71;30;1;7;2;1;553;;1;4;926;Control
Sausages;4;4;1;40;30;1;7;2;1;553;;1;4;926;Control
Nuggets;5;4;1;50;30;1;7;2;1;553;;1;4;926;Control
Meatballs;6;6;1;70;30;1;7;2;1;553;;1;4;926;Control
Burger;4;4;1;65;45;1;5;2;3;298;;1;4;928;Six
Sausages;7;7;1;65;45;1;5;2;3;298;;1;4;928;Six
Nuggets;5;7;1;65;45;1;5;2;3;298;;1;4;928;Six
Meatballs;7;6;1;70;45;1;5;2;3;298;;1;4;928;Six
Burger;6;3;1;91;43;2;7;4;4;126;;1;4;930;Six
Sausages;5;2;1;80;43;2;7;4;4;126;;1;4;930;Six
Nuggets;3;1;0;60;43;2;7;4;4;126;;1;4;930;Six
Meatballs;6;2;1;87;43;2;7;4;4;126;;1;4;930;Six
Burger;4;5;1;80;64;1;7;2;3;153;;1;4;932;Six
Sausages;6;6;1;80;64;1;7;2;3;153;;1;4;932;Six
Nuggets;5;6;1;90;64;1;7;2;3;153;;1;4;932;Six
Meatballs;5;5;1;66;64;1;7;2;3;153;;1;4;932;Six
Burger;5;7;1;75;35;1;7;2;4;230;;1;4;935;Six
Sausages;4;5;1;80;35;1;7;2;4;230;;1;4;935;Six
Nuggets;6;7;1;70;35;1;7;2;4;230;;1;4;935;Six
Meatballs;5;6;1;70;35;1;7;2;4;230;;1;4;935;Six
Burger;6;7;1;25;53;2;4;2;2;192;;1;4;942;Control
Sausages;6;7;1;20;53;2;4;2;2;192;;1;4;942;Control
Nuggets;6;7;1;20;53;2;4;2;2;192;;1;4;942;Control
Meatballs;4;2;1;15;53;2;4;2;2;192;;1;4;942;Control
Burger;5;4;1;72;27;1;7;2;4;257;;1;4;953;Six
Sausages;4;4;1;80;27;1;7;2;4;257;;1;4;953;Six
Nuggets;3;3;1;70;27;1;7;2;4;257;;1;4;953;Six
Meatballs;6;4;1;60;27;1;7;2;4;257;;1;4;953;Six
Burger;6;4;1;65;24;1;6;2;2;100;;1;4;955;Six
Sausages;2;2;0;60;24;1;6;2;2;100;;1;4;955;Six
Nuggets;5;4;1;65;24;1;6;2;2;100;;1;4;955;Six
Meatballs;7;6;1;40;24;1;6;2;2;100;;1;4;955;Six
Burger;6;5;1;50;46;2;4;2;4;344;;1;4;958;Control
Sausages;3;3;1;40;46;2;4;2;4;344;;1;4;958;Control
Nuggets;5;5;1;50;46;2;4;2;4;344;;1;4;958;Control
Meatballs;4;3;1;40;46;2;4;2;4;344;;1;4;958;Control
Burger;5;4;1;80;36;1;7;4;4;130;;1;4;961;Control
Sausages;3;2;1;62;36;1;7;4;4;130;;1;4;961;Control
Nuggets;5;5;1;65;36;1;7;4;4;130;;1;4;961;Control
Meatballs;3;2;1;70;36;1;7;4;4;130;;1;4;961;Control
Burger;4;5;1;68;57;1;4;1;4;178;;1;4;968;Six
Sausages;5;5;1;65;57;1;4;1;4;178;;1;4;968;Six
Nuggets;5;4;1;62;57;1;4;1;4;178;;1;4;968;Six
Meatballs;6;6;1;65;57;1;4;1;4;178;;1;4;968;Six
Burger;2;1;0;80;40;2;4;2;3;208;;1;4;975;Control
Sausages;2;1;0;80;40;2;4;2;3;208;;1;4;975;Control
Nuggets;2;2;1;90;40;2;4;2;3;208;;1;4;975;Control
Meatballs;2;1;0;40;40;2;4;2;3;208;;1;4;975;Control
Burger;6;7;1;90;33;2;5;3;4;165;;1;4;977;Six
Sausages;6;6;1;80;33;2;5;3;4;165;;1;4;977;Six
Nuggets;3;3;1;80;33;2;5;3;4;165;;1;4;977;Six
Meatballs;6;6;1;90;33;2;5;3;4;165;;1;4;977;Six
Burger;6;6;1;82;33;1;8;4;3;188;;1;4;981;Control
Sausages;5;5;1;70;33;1;8;4;3;188;;1;4;981;Control
Nuggets;5;5;1;75;33;1;8;4;3;188;;1;4;981;Control
Meatballs;4;5;1;59;33;1;8;4;3;188;;1;4;981;Control
Burger;4;3;1;75;50;1;5;3;5;179;;1;4;983;Six
Sausages;6;6;1;90;50;1;5;3;5;179;;1;4;983;Six
Nuggets;3;2;0;20;50;1;5;3;5;179;;1;4;983;Six
Meatballs;1;1;0;10;50;1;5;3;5;179;;1;4;983;Six
Burger;4;2;1;35;34;2;8;5;3;144;;1;4;999;Control
Sausages;4;3;1;30;34;2;8;5;3;144;;1;4;999;Control
Nuggets;4;2;1;35;34;2;8;5;3;144;;1;4;999;Control
Meatballs;4;3;1;20;34;2;8;5;3;144;;1;4;999;Control
Burger;1;2;0;31;65;1;7;3;3;123;;1;4;1001;Six
Sausages;6;5;1;80;65;1;7;3;3;123;;1;4;1001;Six
Nuggets;5;5;1;80;65;1;7;3;3;123;;1;4;1001;Six
Meatballs;7;6;1;80;65;1;7;3;3;123;;1;4;1001;Six
Burger;5;4;1;85;32;2;7;2;3;159;;1;4;1002;Control
Sausages;3;2;1;80;32;2;7;2;3;159;;1;4;1002;Control
Nuggets;5;4;1;84;32;2;7;2;3;159;;1;4;1002;Control
Meatballs;4;3;0;76;32;2;7;2;3;159;;1;4;1002;Control
Burger;4;1;1;80;59;1;7;2;5;96;;1;4;1003;Six
Sausages;5;4;1;90;59;1;7;2;5;96;;1;4;1003;Six
Nuggets;5;5;1;75;59;1;7;2;5;96;;1;4;1003;Six
Meatballs;2;1;0;40;59;1;7;2;5;96;;1;4;1003;Six
Burger;2;2;1;72;50;1;7;4;1;164;;1;4;1007;Control
Sausages;4;4;1;50;50;1;7;4;1;164;;1;4;1007;Control
Nuggets;2;2;1;54;50;1;7;4;1;164;;1;4;1007;Control
Meatballs;3;3;1;33;50;1;7;4;1;164;;1;4;1007;Control
Burger;5;1;0;70;67;1;4;3;6;120;;1;4;1012;Control
Sausages;3;1;0;40;67;1;4;3;6;120;;1;4;1012;Control
Nuggets;4;1;0;59;67;1;4;3;6;120;;1;4;1012;Control
Meatballs;2;1;0;28;67;1;4;3;6;120;;1;4;1012;Control
Burger;3;5;1;80;54;1;4;5;4;152;;1;4;1024;Six
Sausages;6;6;1;75;54;1;4;5;4;152;;1;4;1024;Six
Nuggets;5;2;1;80;54;1;4;5;4;152;;1;4;1024;Six
Meatballs;5;5;1;65;54;1;4;5;4;152;;1;4;1024;Six
Burger;5;5;1;69;26;2;7;2;3;691;;1;4;1029;Control
Sausages;5;5;1;74;26;2;7;2;3;691;;1;4;1029;Control
Nuggets;5;5;1;43;26;2;7;2;3;691;;1;4;1029;Control
Meatballs;3;2;1;48;26;2;7;2;3;691;;1;4;1029;Control
Burger;2;1;0;15;55;1;7;3;7;166;;1;4;1030;Control
Sausages;1;1;0;0;55;1;7;3;7;166;;1;4;1030;Control
Nuggets;2;1;0;18;55;1;7;3;7;166;;1;4;1030;Control
Meatballs;2;1;0;15;55;1;7;3;7;166;;1;4;1030;Control
Burger;5;5;1;75;36;2;7;4;6;147;;1;4;1036;Six
Sausages;6;6;1;89;36;2;7;4;6;147;;1;4;1036;Six
Nuggets;7;7;1;88;36;2;7;4;6;147;;1;4;1036;Six
Meatballs;7;6;1;86;36;2;7;4;6;147;;1;4;1036;Six
Burger;5;4;1;70;38;2;7;2;4;191;;1;4;1042;Control
Sausages;4;3;1;60;38;2;7;2;4;191;;1;4;1042;Control
Nuggets;5;4;1;70;38;2;7;2;4;191;;1;4;1042;Control
Meatballs;5;4;1;80;38;2;7;2;4;191;;1;4;1042;Control
Burger;5;3;1;79;40;2;7;2;4;146;;1;4;1044;Control
Sausages;3;1;0;42;40;2;7;2;4;146;;1;4;1044;Control
Nuggets;4;3;1;60;40;2;7;2;4;146;;1;4;1044;Control
Meatballs;5;3;1;70;40;2;7;2;4;146;;1;4;1044;Control
Burger;2;1;0;95;45;1;6;4;2;193;;1;4;1057;Six
Sausages;3;1;0;96;45;1;6;4;2;193;;1;4;1057;Six
Nuggets;1;1;1;96;45;1;6;4;2;193;;1;4;1057;Six
Meatballs;1;1;0;60;45;1;6;4;2;193;;1;4;1057;Six
Burger;4;1;1;40;40;2;7;4;4;271;;1;4;1064;Six
Sausages;4;1;1;35;40;2;7;4;4;271;;1;4;1064;Six
Nuggets;4;1;1;45;40;2;7;4;4;271;;1;4;1064;Six
Meatballs;1;1;0;20;40;2;7;4;4;271;;1;4;1064;Six
Burger;4;6;1;40;30;1;6;1;1;134;;1;4;1070;Six
Sausages;5;6;1;60;30;1;6;1;1;134;;1;4;1070;Six
Nuggets;5;6;1;50;30;1;6;1;1;134;;1;4;1070;Six
Meatballs;5;6;1;70;30;1;6;1;1;134;;1;4;1070;Six
Burger;5;5;1;66;54;2;5;4;6;259;;1;4;1074;Control
Sausages;4;2;0;39;54;2;5;4;6;259;;1;4;1074;Control
Nuggets;5;5;1;81;54;2;5;4;6;259;;1;4;1074;Control
Meatballs;4;3;1;50;54;2;5;4;6;259;;1;4;1074;Control
Burger;7;5;1;40;49;2;7;4;3;145;;1;4;1080;Six
Sausages;7;6;1;60;49;2;7;4;3;145;;1;4;1080;Six
Nuggets;7;5;1;50;49;2;7;4;3;145;;1;4;1080;Six
Meatballs;6;3;0;30;49;2;7;4;3;145;;1;4;1080;Six
Burger;1;1;1;20;28;2;8;2;1;110;;1;4;1084;Six
Sausages;6;5;1;67;28;2;8;2;1;110;;1;4;1084;Six
Nuggets;3;3;1;22;28;2;8;2;1;110;;1;4;1084;Six
Meatballs;3;3;1;30;28;2;8;2;1;110;;1;4;1084;Six
Burger;5;1;1;75;51;2;7;2;5;139;;1;4;1101;Control
Sausages;3;1;1;75;51;2;7;2;5;139;;1;4;1101;Control
Nuggets;5;1;1;75;51;2;7;2;5;139;;1;4;1101;Control
Meatballs;5;1;1;75;51;2;7;2;5;139;;1;4;1101;Control
Burger;7;6;1;80;70;1;4;2;3;187;;1;4;1103;Six
Sausages;6;5;1;80;70;1;4;2;3;187;;1;4;1103;Six
Nuggets;6;5;1;80;70;1;4;2;3;187;;1;4;1103;Six
Meatballs;7;6;1;80;70;1;4;2;3;187;;1;4;1103;Six
Burger;4;1;0;86;53;2;7;1;2;219;;1;4;1112;Six
Sausages;5;1;0;83;53;2;7;1;2;219;;1;4;1112;Six
Nuggets;6;1;0;85;53;2;7;1;2;219;;1;4;1112;Six
Meatballs;6;1;0;80;53;2;7;1;2;219;;1;4;1112;Six
Burger;5;2;0;70;40;1;4;3;6;131;;1;4;1113;Six
Sausages;4;3;1;75;40;1;4;3;6;131;;1;4;1113;Six
Nuggets;2;1;0;60;40;1;4;3;6;131;;1;4;1113;Six
Meatballs;2;1;0;60;40;1;4;3;6;131;;1;4;1113;Six
Burger;3;3;1;40;24;1;6;4;6;314;;1;4;1118;Control
Sausages;2;2;0;15;24;1;6;4;6;314;;1;4;1118;Control
Nuggets;3;3;1;40;24;1;6;4;6;314;;1;4;1118;Control
Meatballs;3;2;1;35;24;1;6;4;6;314;;1;4;1118;Control
Burger;6;6;1;76;41;1;7;4;2;135;;1;4;1122;Control
Sausages;5;4;1;55;41;1;7;4;2;135;;1;4;1122;Control
Nuggets;6;5;1;60;41;1;7;4;2;135;;1;4;1122;Control
Meatballs;4;4;1;39;41;1;7;4;2;135;;1;4;1122;Control
Burger;5;5;1;91;38;2;7;2;5;207;;1;4;1123;Control
Sausages;2;3;1;80;38;2;7;2;5;207;;1;4;1123;Control
Nuggets;2;3;1;70;38;2;7;2;5;207;;1;4;1123;Control
Meatballs;3;4;1;70;38;2;7;2;5;207;;1;4;1123;Control
Burger;3;6;1;68;49;1;7;4;2;1882;;1;4;1128;Six
Sausages;5;6;1;60;49;1;7;4;2;1882;;1;4;1128;Six
Nuggets;4;5;1;40;49;1;7;4;2;1882;;1;4;1128;Six
Meatballs;5;5;1;50;49;1;7;4;2;1882;;1;4;1128;Six
Burger;6;6;1;67;54;1;8;4;3;342;;1;4;1129;Control
Sausages;6;6;1;64;54;1;8;4;3;342;;1;4;1129;Control
Nuggets;4;3;1;46;54;1;8;4;3;342;;1;4;1129;Control
Meatballs;4;3;1;55;54;1;8;4;3;342;;1;4;1129;Control
Burger;2;1;0;30;77;1;4;2;5;131;;1;4;1132;Control
Sausages;1;1;0;30;77;1;4;2;5;131;;1;4;1132;Control
Nuggets;1;1;0;31;77;1;4;2;5;131;;1;4;1132;Control
Meatballs;1;1;0;31;77;1;4;2;5;131;;1;4;1132;Control
Burger;5;5;1;40;31;1;8;3;3;216;;1;4;1138;Six
Sausages;4;4;0;10;31;1;8;3;3;216;;1;4;1138;Six
Nuggets;3;3;1;20;31;1;8;3;3;216;;1;4;1138;Six
Meatballs;5;5;1;50;31;1;8;3;3;216;;1;4;1138;Six
Burger;1;1;1;66;39;1;5;5;7;184;;1;4;1139;Six
Sausages;1;1;0;66;39;1;5;5;7;184;;1;4;1139;Six
Nuggets;1;1;1;66;39;1;5;5;7;184;;1;4;1139;Six
Meatballs;1;1;1;66;39;1;5;5;7;184;;1;4;1139;Six
Burger;4;4;1;40;28;2;8;4;3;131;;1;4;1144;Six
Sausages;5;5;1;69;28;2;8;4;3;131;;1;4;1144;Six
Nuggets;4;4;1;62;28;2;8;4;3;131;;1;4;1144;Six
Meatballs;5;5;1;72;28;2;8;4;3;131;;1;4;1144;Six
Burger;6;5;1;30;42;1;7;4;2;144;;1;4;1149;Control
Sausages;5;3;1;23;42;1;7;4;2;144;;1;4;1149;Control
Nuggets;5;4;1;25;42;1;7;4;2;144;;1;4;1149;Control
Meatballs;3;2;1;14;42;1;7;4;2;144;;1;4;1149;Control
Burger;6;4;1;50;44;2;5;4;5;655;;1;4;1151;Control
Sausages;6;3;1;60;44;2;5;4;5;655;;1;4;1151;Control
Nuggets;5;3;1;60;44;2;5;4;5;655;;1;4;1151;Control
Meatballs;5;3;1;50;44;2;5;4;5;655;;1;4;1151;Control
Burger;5;6;1;85;32;2;7;4;3;94;;1;4;1155;Control
Sausages;4;3;1;70;32;2;7;4;3;94;;1;4;1155;Control
Nuggets;5;5;1;80;32;2;7;4;3;94;;1;4;1155;Control
Meatballs;5;4;1;50;32;2;7;4;3;94;;1;4;1155;Control
Burger;5;5;1;59;54;2;4;2;4;279;;1;4;1162;Six
Sausages;4;1;0;86;54;2;4;2;4;279;;1;4;1162;Six
Nuggets;6;5;1;87;54;2;4;2;4;279;;1;4;1162;Six
Meatballs;5;7;1;100;54;2;4;2;4;279;;1;4;1162;Six
Burger;5;1;0;25;52;1;7;4;5;149;;1;4;1167;Control
Sausages;3;1;0;20;52;1;7;4;5;149;;1;4;1167;Control
Nuggets;5;1;0;30;52;1;7;4;5;149;;1;4;1167;Control
Meatballs;3;1;0;20;52;1;7;4;5;149;;1;4;1167;Control
Burger;4;3;0;42;63;1;7;2;3;250;;1;4;1175;Six
Sausages;4;5;1;63;63;1;7;2;3;250;;1;4;1175;Six
Nuggets;3;3;1;28;63;1;7;2;3;250;;1;4;1175;Six
Meatballs;1;1;0;3;63;1;7;2;3;250;;1;4;1175;Six
Burger;6;1;1;80;59;2;8;5;6;166;;1;4;1178;Six
Sausages;2;1;1;60;59;2;8;5;6;166;;1;4;1178;Six
Nuggets;2;1;1;50;59;2;8;5;6;166;;1;4;1178;Six
Meatballs;4;1;1;80;59;2;8;5;6;166;;1;4;1178;Six
Burger;5;4;1;85;33;2;7;4;1;150;;1;4;1180;Control
Sausages;4;3;1;71;33;2;7;4;1;150;;1;4;1180;Control
Nuggets;5;5;1;89;33;2;7;4;1;150;;1;4;1180;Control
Meatballs;4;2;1;61;33;2;7;4;1;150;;1;4;1180;Control
Burger;4;6;1;72;24;2;7;4;2;138;;1;4;1183;Control
Sausages;2;4;1;40;24;2;7;4;2;138;;1;4;1183;Control
Nuggets;4;5;1;60;24;2;7;4;2;138;;1;4;1183;Control
Meatballs;2;2;1;29;24;2;7;4;2;138;;1;4;1183;Control
Burger;6;6;1;71;69;1;7;4;1;135;;1;4;1192;Six
Sausages;6;5;1;71;69;1;7;4;1;135;;1;4;1192;Six
Nuggets;4;5;1;71;69;1;7;4;1;135;;1;4;1192;Six
Meatballs;5;5;1;71;69;1;7;4;1;135;;1;4;1192;Six
Burger;3;1;1;30;64;2;4;4;5;153;;1;4;1193;Control
Sausages;2;4;1;56;64;2;4;4;5;153;;1;4;1193;Control
Nuggets;2;4;1;45;64;2;4;4;5;153;;1;4;1193;Control
Meatballs;2;1;1;40;64;2;4;4;5;153;;1;4;1193;Control
Burger;6;2;1;91;46;1;6;1;4;223;;1;4;1202;Six
Sausages;4;1;1;77;46;1;6;1;4;223;;1;4;1202;Six
Nuggets;5;2;1;87;46;1;6;1;4;223;;1;4;1202;Six
Meatballs;5;2;1;89;46;1;6;1;4;223;;1;4;1202;Six
Burger;4;4;1;60;43;2;4;1;4;501;;1;4;1204;Control
Sausages;1;1;0;40;43;2;4;1;4;501;;1;4;1204;Control
Nuggets;4;4;1;70;43;2;4;1;4;501;;1;4;1204;Control
Meatballs;1;1;0;40;43;2;4;1;4;501;;1;4;1204;Control
Burger;4;1;0;51;52;2;4;2;4;255;;1;4;1205;Six
Sausages;4;1;0;71;52;2;4;2;4;255;;1;4;1205;Six
Nuggets;3;1;0;51;52;2;4;2;4;255;;1;4;1205;Six
Meatballs;2;1;0;56;52;2;4;2;4;255;;1;4;1205;Six
Burger;4;5;1;62;38;2;7;4;1;95;;1;4;1210;Control
Sausages;2;3;1;41;38;2;7;4;1;95;;1;4;1210;Control
Nuggets;3;5;1;55;38;2;7;4;1;95;;1;4;1210;Control
Meatballs;2;3;1;51;38;2;7;4;1;95;;1;4;1210;Control
Burger;7;7;1;70;47;1;5;3;2;121;;1;4;1213;Six
Sausages;5;5;1;63;47;1;5;3;2;121;;1;4;1213;Six
Nuggets;3;2;0;42;47;1;5;3;2;121;;1;4;1213;Six
Meatballs;6;4;1;60;47;1;5;3;2;121;;1;4;1213;Six
Burger;6;6;1;88;32;2;7;3;6;98;;1;4;1234;Six
Sausages;6;6;1;82;32;2;7;3;6;98;;1;4;1234;Six
Nuggets;2;2;1;40;32;2;7;3;6;98;;1;4;1234;Six
Meatballs;6;5;1;82;32;2;7;3;6;98;;1;4;1234;Six
Burger;4;5;1;43;22;2;8;3;3;140;;1;4;1235;Control
Sausages;3;3;1;38;22;2;8;3;3;140;;1;4;1235;Control
Nuggets;4;4;1;49;22;2;8;3;3;140;;1;4;1235;Control
Meatballs;3;3;1;29;22;2;8;3;3;140;;1;4;1235;Control
Burger;5;2;1;86;32;2;8;5;2;93;;1;4;1242;Control
Sausages;2;2;1;66;32;2;8;5;2;93;;1;4;1242;Control
Nuggets;4;3;1;78;32;2;8;5;2;93;;1;4;1242;Control
Meatballs;2;1;1;37;32;2;8;5;2;93;;1;4;1242;Control
Burger;2;1;0;24;36;2;8;5;3;110;;1;4;1244;Six
Sausages;5;2;0;20;36;2;8;5;3;110;;1;4;1244;Six
Nuggets;4;1;0;20;36;2;8;5;3;110;;1;4;1244;Six
Meatballs;2;1;0;10;36;2;8;5;3;110;;1;4;1244;Six
Burger;6;2;1;88;60;2;7;3;5;326;;1;4;1246;Control
Sausages;5;2;1;77;60;2;7;3;5;326;;1;4;1246;Control
Nuggets;4;1;1;81;60;2;7;3;5;326;;1;4;1246;Control
Meatballs;2;1;1;70;60;2;7;3;5;326;;1;4;1246;Control
Burger;5;5;1;30;38;1;6;4;4;101;;1;4;1248;Control
Sausages;5;5;1;20;38;1;6;4;4;101;;1;4;1248;Control
Nuggets;5;5;1;30;38;1;6;4;4;101;;1;4;1248;Control
Meatballs;4;5;1;5;38;1;6;4;4;101;;1;4;1248;Control
Burger;2;4;1;70;33;2;6;2;1;102;;1;4;1252;Control
Sausages;2;2;1;60;33;2;6;2;1;102;;1;4;1252;Control
Nuggets;2;5;1;75;33;2;6;2;1;102;;1;4;1252;Control
Meatballs;1;2;1;40;33;2;6;2;1;102;;1;4;1252;Control
Burger;3;3;1;60;58;2;7;3;2;195;;1;4;1261;Six
Sausages;2;2;1;50;58;2;7;3;2;195;;1;4;1261;Six
Nuggets;3;3;1;40;58;2;7;3;2;195;;1;4;1261;Six
Meatballs;1;1;0;30;58;2;7;3;2;195;;1;4;1261;Six
Burger;5;3;1;81;45;1;7;4;2;141;;1;4;1268;Control
Sausages;2;2;1;70;45;1;7;4;2;141;;1;4;1268;Control
Nuggets;5;5;1;84;45;1;7;4;2;141;;1;4;1268;Control
Meatballs;3;2;1;60;45;1;7;4;2;141;;1;4;1268;Control
Burger;3;3;1;44;56;2;4;2;4;204;;1;4;1276;Six
Sausages;5;4;0;60;56;2;4;2;4;204;;1;4;1276;Six
Nuggets;5;3;1;54;56;2;4;2;4;204;;1;4;1276;Six
Meatballs;5;4;1;56;56;2;4;2;4;204;;1;4;1276;Six
Burger;1;1;1;30;35;2;7;4;2;159;;1;4;1277;Six
Sausages;5;1;0;71;35;2;7;4;2;159;;1;4;1277;Six
Nuggets;6;2;0;70;35;2;7;4;2;159;;1;4;1277;Six
Meatballs;1;1;0;10;35;2;7;4;2;159;;1;4;1277;Six
Burger;5;4;1;90;68;1;8;3;2;154;;1;4;1282;Control
Sausages;2;1;1;65;68;1;8;3;2;154;;1;4;1282;Control
Nuggets;1;1;1;50;68;1;8;3;2;154;;1;4;1282;Control
Meatballs;3;2;1;75;68;1;8;3;2;154;;1;4;1282;Control
Burger;1;1;0;20;54;1;5;1;6;98;;1;4;1294;Six
Sausages;1;1;0;20;54;1;5;1;6;98;;1;4;1294;Six
Nuggets;1;1;0;20;54;1;5;1;6;98;;1;4;1294;Six
Meatballs;1;1;0;20;54;1;5;1;6;98;;1;4;1294;Six
Burger;4;3;1;71;70;1;5;1;5;264;;1;4;1300;Control
Sausages;4;3;1;72;70;1;5;1;5;264;;1;4;1300;Control
Nuggets;3;2;0;45;70;1;5;1;5;264;;1;4;1300;Control
Meatballs;3;2;1;65;70;1;5;1;5;264;;1;4;1300;Control
Burger;2;2;1;17;46;2;3;2;3;384;;1;4;1301;Six
Sausages;4;3;1;38;46;2;3;2;3;384;;1;4;1301;Six
Nuggets;4;3;1;44;46;2;3;2;3;384;;1;4;1301;Six
Meatballs;2;1;0;19;46;2;3;2;3;384;;1;4;1301;Six
Burger;5;1;1;81;34;2;8;4;4;223;;1;4;1304;Control
Sausages;3;1;1;49;34;2;8;4;4;223;;1;4;1304;Control
Nuggets;5;1;1;60;34;2;8;4;4;223;;1;4;1304;Control
Meatballs;3;1;1;60;34;2;8;4;4;223;;1;4;1304;Control
Burger;4;3;0;67;38;2;7;3;3;235;;1;4;1309;Six
Sausages;3;3;0;40;38;2;7;3;3;235;;1;4;1309;Six
Nuggets;6;5;1;83;38;2;7;3;3;235;;1;4;1309;Six
Meatballs;7;6;1;88;38;2;7;3;3;235;;1;4;1309;Six
Burger;5;5;1;64;63;2;7;2;4;214;;2;4;1312;Control
Sausages;4;4;1;39;63;2;7;2;4;214;;2;4;1312;Control
Nuggets;5;5;1;62;63;2;7;2;4;214;;2;4;1312;Control
Meatballs;4;4;1;49;63;2;7;2;4;214;;2;4;1312;Control
Burger;3;1;1;30;29;1;7;4;6;181;;1;4;1318;Six
Sausages;3;1;1;29;29;1;7;4;6;181;;1;4;1318;Six
Nuggets;2;1;1;30;29;1;7;4;6;181;;1;4;1318;Six
Meatballs;7;2;1;40;29;1;7;4;6;181;;1;4;1318;Six
Burger;5;5;1;82;35;2;7;4;4;173;;1;4;1320;Control
Sausages;5;5;1;71;35;2;7;4;4;173;;1;4;1320;Control
Nuggets;4;5;1;71;35;2;7;4;4;173;;1;4;1320;Control
Meatballs;4;3;1;51;35;2;7;4;4;173;;1;4;1320;Control
Burger;3;4;1;80;29;1;6;4;3;117;;1;4;1329;Six
Sausages;5;3;1;82;29;1;6;4;3;117;;1;4;1329;Six
Nuggets;6;3;1;75;29;1;6;4;3;117;;1;4;1329;Six
Meatballs;4;2;1;51;29;1;6;4;3;117;;1;4;1329;Six
Burger;4;4;1;59;33;2;8;3;2;1616;;1;4;1333;Six
Sausages;4;5;1;61;33;2;8;3;2;1616;;1;4;1333;Six
Nuggets;4;3;1;61;33;2;8;3;2;1616;;1;4;1333;Six
Meatballs;6;5;1;70;33;2;8;3;2;1616;;1;4;1333;Six
Burger;6;6;1;85;46;1;7;4;5;139;;1;4;1336;Control
Sausages;6;5;1;80;46;1;7;4;5;139;;1;4;1336;Control
Nuggets;6;5;1;80;46;1;7;4;5;139;;1;4;1336;Control
Meatballs;6;4;1;80;46;1;7;4;5;139;;1;4;1336;Control
Burger;5;4;1;94;59;2;4;2;2;227;;1;4;1339;Control
Sausages;6;6;1;96;59;2;4;2;2;227;;1;4;1339;Control
Nuggets;4;5;1;87;59;2;4;2;2;227;;1;4;1339;Control
Meatballs;4;4;1;72;59;2;4;2;2;227;;1;4;1339;Control
Burger;5;5;1;70;47;1;7;3;5;162;;1;4;1341;Six
Sausages;4;5;1;55;47;1;7;3;5;162;;1;4;1341;Six
Nuggets;6;6;1;75;47;1;7;3;5;162;;1;4;1341;Six
Meatballs;5;5;1;60;47;1;7;3;5;162;;1;4;1341;Six
Burger;3;3;1;80;41;2;8;1;5;175;;1;4;1348;Control
Sausages;4;4;1;90;41;2;8;1;5;175;;1;4;1348;Control
Nuggets;3;2;1;70;41;2;8;1;5;175;;1;4;1348;Control
Meatballs;1;1;1;60;41;2;8;1;5;175;;1;4;1348;Control
Burger;5;3;1;50;44;2;7;2;3;140;;1;4;1351;Six
Sausages;5;3;1;75;44;2;7;2;3;140;;1;4;1351;Six
Nuggets;2;2;0;40;44;2;7;2;3;140;;1;4;1351;Six
Meatballs;2;2;0;30;44;2;7;2;3;140;;1;4;1351;Six
Burger;2;2;0;70;38;1;7;4;3;156;;1;4;1361;Six
Sausages;5;3;1;85;38;1;7;4;3;156;;1;4;1361;Six
Nuggets;2;2;0;25;38;1;7;4;3;156;;1;4;1361;Six
Meatballs;1;1;0;45;38;1;7;4;3;156;;1;4;1361;Six
Burger;5;2;1;65;32;2;7;2;2;139;;1;4;1363;Control
Sausages;5;2;1;60;32;2;7;2;2;139;;1;4;1363;Control
Nuggets;5;4;1;75;32;2;7;2;2;139;;1;4;1363;Control
Meatballs;4;1;1;60;32;2;7;2;2;139;;1;4;1363;Control
Burger;1;1;1;65;33;1;5;3;2;107;;1;4;1367;Control
Sausages;1;1;1;75;33;1;5;3;2;107;;1;4;1367;Control
Nuggets;1;1;1;80;33;1;5;3;2;107;;1;4;1367;Control
Meatballs;1;1;1;70;33;1;5;3;2;107;;1;4;1367;Control
Burger;2;1;0;36;56;2;5;3;4;173;;1;4;1374;Six
Sausages;4;4;1;45;56;2;5;3;4;173;;1;4;1374;Six
Nuggets;3;4;1;46;56;2;5;3;4;173;;1;4;1374;Six
Meatballs;5;4;1;51;56;2;5;3;4;173;;1;4;1374;Six
Burger;6;5;1;80;60;1;8;1;5;234;;1;4;1379;Control
Sausages;4;4;1;75;60;1;8;1;5;234;;1;4;1379;Control
Nuggets;2;2;1;60;60;1;8;1;5;234;;1;4;1379;Control
Meatballs;3;2;1;70;60;1;8;1;5;234;;1;4;1379;Control
Burger;4;4;1;45;52;1;7;4;5;180;;1;4;1382;Control
Sausages;2;2;0;38;52;1;7;4;5;180;;1;4;1382;Control
Nuggets;2;2;0;40;52;1;7;4;5;180;;1;4;1382;Control
Meatballs;3;3;1;40;52;1;7;4;5;180;;1;4;1382;Control
Burger;3;5;1;60;38;2;7;3;3;176;;1;4;1386;Six
Sausages;5;5;1;70;38;2;7;3;3;176;;1;4;1386;Six
Nuggets;3;5;1;55;38;2;7;3;3;176;;1;4;1386;Six
Meatballs;5;5;1;70;38;2;7;3;3;176;;1;4;1386;Six
Burger;2;4;1;49;33;2;7;4;3;367;;1;4;1388;Six
Sausages;6;6;1;95;33;2;7;4;3;367;;1;4;1388;Six
Nuggets;7;6;1;80;33;2;7;4;3;367;;1;4;1388;Six
Meatballs;4;3;1;81;33;2;7;4;3;367;;1;4;1388;Six
Burger;5;3;1;61;55;2;7;1;3;144;;1;4;1394;Six
Sausages;6;5;1;72;55;2;7;1;3;144;;1;4;1394;Six
Nuggets;2;2;1;44;55;2;7;1;3;144;;1;4;1394;Six
Meatballs;4;3;1;65;55;2;7;1;3;144;;1;4;1394;Six
Burger;4;3;1;60;68;1;8;3;5;207;;1;4;1399;Control
Sausages;2;1;0;40;68;1;8;3;5;207;;1;4;1399;Control
Nuggets;4;2;1;60;68;1;8;3;5;207;;1;4;1399;Control
Meatballs;3;1;1;35;68;1;8;3;5;207;;1;4;1399;Control
Burger;2;2;1;56;52;1;4;2;5;152;;1;4;1407;Control
Sausages;2;1;1;62;52;1;4;2;5;152;;1;4;1407;Control
Nuggets;4;2;1;72;52;1;4;2;5;152;;1;4;1407;Control
Meatballs;2;1;0;45;52;1;4;2;5;152;;1;4;1407;Control
Burger;6;6;1;99;20;2;6;3;4;210;;1;4;1413;Control
Sausages;5;5;1;94;20;2;6;3;4;210;;1;4;1413;Control
Nuggets;5;5;1;93;20;2;6;3;4;210;;1;4;1413;Control
Meatballs;3;3;1;90;20;2;6;3;4;210;;1;4;1413;Control
Burger;6;7;1;61;64;2;7;3;3;112;;1;4;1415;Six
Sausages;5;7;1;62;64;2;7;3;3;112;;1;4;1415;Six
Nuggets;6;6;1;50;64;2;7;3;3;112;;1;4;1415;Six
Meatballs;5;6;1;40;64;2;7;3;3;112;;1;4;1415;Six
Burger;5;5;1;75;47;1;8;3;3;243;;1;4;1416;Six
Sausages;5;6;1;80;47;1;8;3;3;243;;1;4;1416;Six
Nuggets;5;6;1;80;47;1;8;3;3;243;;1;4;1416;Six
Meatballs;4;6;1;70;47;1;8;3;3;243;;1;4;1416;Six
Burger;5;5;1;70;46;2;7;4;4;117;;1;4;1421;Control
Sausages;4;4;1;51;46;2;7;4;4;117;;1;4;1421;Control
Nuggets;5;5;1;56;46;2;7;4;4;117;;1;4;1421;Control
Meatballs;4;3;1;44;46;2;7;4;4;117;;1;4;1421;Control
Burger;2;1;0;34;20;1;5;3;4;128;;1;4;1431;Six
Sausages;6;6;1;81;20;1;5;3;4;128;;1;4;1431;Six
Nuggets;5;4;1;61;20;1;5;3;4;128;;1;4;1431;Six
Meatballs;2;3;0;29;20;1;5;3;4;128;;1;4;1431;Six
Burger;4;4;1;51;43;2;7;2;4;310;;1;4;1433;Six
Sausages;5;4;1;41;43;2;7;2;4;310;;1;4;1433;Six
Nuggets;7;6;1;70;43;2;7;2;4;310;;1;4;1433;Six
Meatballs;5;5;1;52;43;2;7;2;4;310;;1;4;1433;Six
Burger;3;4;1;61;22;2;7;1;3;163;;1;4;1441;Six
Sausages;5;4;1;80;22;2;7;1;3;163;;1;4;1441;Six
Nuggets;5;4;1;70;22;2;7;1;3;163;;1;4;1441;Six
Meatballs;5;4;1;70;22;2;7;1;3;163;;1;4;1441;Six
Burger;5;3;1;70;43;1;6;4;3;133;;1;4;1446;Control
Sausages;4;3;1;60;43;1;6;4;3;133;;1;4;1446;Control
Nuggets;4;3;1;50;43;1;6;4;3;133;;1;4;1446;Control
Meatballs;1;1;1;40;43;1;6;4;3;133;;1;4;1446;Control
Burger;5;3;1;75;41;1;7;4;5;166;;1;4;1455;Six
Sausages;3;3;0;55;41;1;7;4;5;166;;1;4;1455;Six
Nuggets;3;2;0;50;41;1;7;4;5;166;;1;4;1455;Six
Meatballs;5;3;1;70;41;1;7;4;5;166;;1;4;1455;Six
Burger;2;3;1;45;32;1;8;4;2;195;;1;4;1468;Six
Sausages;4;3;0;50;32;1;8;4;2;195;;1;4;1468;Six
Nuggets;5;4;1;60;32;1;8;4;2;195;;1;4;1468;Six
Meatballs;5;5;1;50;32;1;8;4;2;195;;1;4;1468;Six
Burger;4;1;0;70;52;1;7;5;6;124;;2;4;1469;Control
Sausages;4;1;0;60;52;1;7;5;6;124;;2;4;1469;Control
Nuggets;3;1;0;71;52;1;7;5;6;124;;2;4;1469;Control
Meatballs;1;1;0;25;52;1;7;5;6;124;;2;4;1469;Control
Burger;5;4;1;95;67;2;6;2;4;355;;1;4;1470;Control
Sausages;4;4;1;85;67;2;6;2;4;355;;1;4;1470;Control
Nuggets;4;3;0;76;67;2;6;2;4;355;;1;4;1470;Control
Meatballs;3;3;0;75;67;2;6;2;4;355;;1;4;1470;Control
Burger;6;6;1;83;39;2;7;3;4;120;;1;4;1474;Six
Sausages;6;6;1;77;39;2;7;3;4;120;;1;4;1474;Six
Nuggets;6;6;1;81;39;2;7;3;4;120;;1;4;1474;Six
Meatballs;5;5;1;71;39;2;7;3;4;120;;1;4;1474;Six
Burger;5;3;0;72;68;1;5;2;7;224;;1;4;1477;Control
Sausages;2;1;0;23;68;1;5;2;7;224;;1;4;1477;Control
Nuggets;3;1;0;43;68;1;5;2;7;224;;1;4;1477;Control
Meatballs;2;1;0;34;68;1;5;2;7;224;;1;4;1477;Control
Burger;1;1;1;92;36;1;7;2;3;205;;1;4;1485;Six
Sausages;5;5;1;92;36;1;7;2;3;205;;1;4;1485;Six
Nuggets;5;6;1;93;36;1;7;2;3;205;;1;4;1485;Six
Meatballs;4;4;1;80;36;1;7;2;3;205;;1;4;1485;Six
Burger;4;3;1;60;70;1;7;2;5;203;;1;4;1488;Control
Sausages;2;1;0;50;70;1;7;2;5;203;;1;4;1488;Control
Nuggets;3;2;1;60;70;1;7;2;5;203;;1;4;1488;Control
Meatballs;2;1;0;40;70;1;7;2;5;203;;1;4;1488;Control
Burger;1;5;1;30;56;1;8;2;5;142;;1;4;1497;Six
Sausages;5;6;1;71;56;1;8;2;5;142;;1;4;1497;Six
Nuggets;1;1;0;19;56;1;8;2;5;142;;1;4;1497;Six
Meatballs;1;2;1;10;56;1;8;2;5;142;;1;4;1497;Six
Burger;5;5;1;85;38;2;7;3;5;147;;1;4;1501;Control
Sausages;1;1;0;42;38;2;7;3;5;147;;1;4;1501;Control
Nuggets;5;6;1;91;38;2;7;3;5;147;;1;4;1501;Control
Meatballs;2;2;0;60;38;2;7;3;5;147;;1;4;1501;Control
Burger;4;3;1;81;27;2;7;1;4;296;;1;4;1502;Control
Sausages;4;4;1;81;27;2;7;1;4;296;;1;4;1502;Control
Nuggets;5;4;1;100;27;2;7;1;4;296;;1;4;1502;Control
Meatballs;4;4;1;75;27;2;7;1;4;296;;1;4;1502;Control
Burger;6;6;1;81;49;1;7;1;5;604;;1;4;1503;Six
Sausages;5;5;1;77;49;1;7;1;5;604;;1;4;1503;Six
Nuggets;5;6;1;80;49;1;7;1;5;604;;1;4;1503;Six
Meatballs;6;5;1;79;49;1;7;1;5;604;;1;4;1503;Six
Burger;6;6;1;95;37;1;7;1;4;177;;1;4;1518;Six
Sausages;6;7;1;95;37;1;7;1;4;177;;1;4;1518;Six
Nuggets;5;3;1;90;37;1;7;1;4;177;;1;4;1518;Six
Meatballs;5;4;1;80;37;1;7;1;4;177;;1;4;1518;Six
Burger;4;3;1;71;75;1;6;3;5;240;;1;4;1519;Control
Sausages;3;2;1;61;75;1;6;3;5;240;;1;4;1519;Control
Nuggets;3;2;1;67;75;1;6;3;5;240;;1;4;1519;Control
Meatballs;3;2;1;61;75;1;6;3;5;240;;1;4;1519;Control
Burger;3;3;1;35;19;2;6;5;6;100;;1;4;1520;Six
Sausages;5;6;1;72;19;2;6;5;6;100;;1;4;1520;Six
Nuggets;4;2;0;38;19;2;6;5;6;100;;1;4;1520;Six
Meatballs;2;2;0;15;19;2;6;5;6;100;;1;4;1520;Six
Burger;3;2;1;87;74;2;4;2;6;116;;1;4;1522;Control
Sausages;1;1;0;29;74;2;4;2;6;116;;1;4;1522;Control
Nuggets;3;1;1;76;74;2;4;2;6;116;;1;4;1522;Control
Meatballs;1;1;1;70;74;2;4;2;6;116;;1;4;1522;Control
Burger;2;3;1;80;41;2;7;3;2;130;;1;4;1528;Six
Sausages;4;4;1;80;41;2;7;3;2;130;;1;4;1528;Six
Nuggets;4;5;1;80;41;2;7;3;2;130;;1;4;1528;Six
Meatballs;5;5;1;80;41;2;7;3;2;130;;1;4;1528;Six
Burger;4;5;1;75;67;2;7;2;3;225;;1;4;1533;Control
Sausages;3;3;1;65;67;2;7;2;3;225;;1;4;1533;Control
Nuggets;2;2;1;60;67;2;7;2;3;225;;1;4;1533;Control
Meatballs;4;4;1;75;67;2;7;2;3;225;;1;4;1533;Control
Burger;5;2;1;40;57;1;5;1;4;186;;1;4;1540;Control
Sausages;4;1;0;25;57;1;5;1;4;186;;1;4;1540;Control
Nuggets;4;1;0;16;57;1;5;1;4;186;;1;4;1540;Control
Meatballs;4;1;0;20;57;1;5;1;4;186;;1;4;1540;Control
Burger;5;2;0;52;53;2;7;2;4;140;;1;4;1546;Six
Sausages;5;3;0;61;53;2;7;2;4;140;;1;4;1546;Six
Nuggets;4;2;0;42;53;2;7;2;4;140;;1;4;1546;Six
Meatballs;5;3;0;61;53;2;7;2;4;140;;1;4;1546;Six
Burger;5;4;1;90;62;2;4;2;6;163;;1;4;1548;Control
Sausages;5;3;1;90;62;2;4;2;6;163;;1;4;1548;Control
Nuggets;5;4;1;90;62;2;4;2;6;163;;1;4;1548;Control
Meatballs;5;4;1;90;62;2;4;2;6;163;;1;4;1548;Control
Burger;3;2;1;70;59;2;5;1;5;264;;1;4;1549;Six
Sausages;6;7;1;92;59;2;5;1;5;264;;1;4;1549;Six
Nuggets;3;2;0;65;59;2;5;1;5;264;;1;4;1549;Six
Meatballs;5;5;1;84;59;2;5;1;5;264;;1;4;1549;Six
Burger;3;2;0;60;30;2;8;1;1;142;;1;4;1574;Six
Sausages;2;4;1;62;30;2;8;1;1;142;;1;4;1574;Six
Nuggets;5;6;1;50;30;2;8;1;1;142;;1;4;1574;Six
Meatballs;6;2;1;68;30;2;8;1;1;142;;1;4;1574;Six
Burger;6;3;1;60;73;1;5;2;3;239;;1;4;1575;Control
Sausages;5;2;1;40;73;1;5;2;3;239;;1;4;1575;Control
Nuggets;5;2;1;50;73;1;5;2;3;239;;1;4;1575;Control
Meatballs;5;2;1;50;73;1;5;2;3;239;;1;4;1575;Control
Burger;6;5;1;85;46;1;7;4;3;166;;1;4;1576;Six
Sausages;4;3;1;72;46;1;7;4;3;166;;1;4;1576;Six
Nuggets;5;4;1;81;46;1;7;4;3;166;;1;4;1576;Six
Meatballs;4;3;1;69;46;1;7;4;3;166;;1;4;1576;Six
Burger;5;4;1;70;51;1;7;3;4;151;;1;4;1577;Control
Sausages;3;3;1;38;51;1;7;3;4;151;;1;4;1577;Control
Nuggets;5;4;1;62;51;1;7;3;4;151;;1;4;1577;Control
Meatballs;3;2;1;36;51;1;7;3;4;151;;1;4;1577;Control
Burger;6;5;1;75;60;2;7;2;2;221;;1;4;1592;Control
Sausages;4;4;1;75;60;2;7;2;2;221;;1;4;1592;Control
Nuggets;5;4;1;75;60;2;7;2;2;221;;1;4;1592;Control
Meatballs;4;4;1;75;60;2;7;2;2;221;;1;4;1592;Control
Burger;7;7;1;100;69;1;7;3;4;158;;1;4;1595;Six
Sausages;6;6;1;95;69;1;7;3;4;158;;1;4;1595;Six
Nuggets;5;3;1;90;69;1;7;3;4;158;;1;4;1595;Six
Meatballs;6;5;1;96;69;1;7;3;4;158;;1;4;1595;Six
Burger;4;2;1;45;24;2;7;4;3;208;;1;4;1598;Control
Sausages;4;3;1;75;24;2;7;4;3;208;;1;4;1598;Control
Nuggets;4;3;1;85;24;2;7;4;3;208;;1;4;1598;Control
Meatballs;4;2;1;55;24;2;7;4;3;208;;1;4;1598;Control
Burger;3;3;0;29;76;1;5;2;5;277;;1;4;1601;Six
Sausages;4;4;1;44;76;1;5;2;5;277;;1;4;1601;Six
Nuggets;5;5;1;71;76;1;5;2;5;277;;1;4;1601;Six
Meatballs;5;4;1;61;76;1;5;2;5;277;;1;4;1601;Six
Burger;5;5;1;70;22;2;6;5;2;98;;1;4;1603;Control
Sausages;4;4;1;40;22;2;6;5;2;98;;1;4;1603;Control
Nuggets;4;4;1;61;22;2;6;5;2;98;;1;4;1603;Control
Meatballs;4;4;1;60;22;2;6;5;2;98;;1;4;1603;Control
Burger;5;5;1;60;36;1;7;4;3;179;;1;4;1605;Six
Sausages;5;5;1;60;36;1;7;4;3;179;;1;4;1605;Six
Nuggets;6;5;1;81;36;1;7;4;3;179;;1;4;1605;Six
Meatballs;6;5;1;65;36;1;7;4;3;179;;1;4;1605;Six
Burger;1;1;0;40;65;2;4;1;5;191;;1;4;1616;Control
Sausages;1;1;0;45;65;2;4;1;5;191;;1;4;1616;Control
Nuggets;1;1;0;40;65;2;4;1;5;191;;1;4;1616;Control
Meatballs;1;1;0;43;65;2;4;1;5;191;;1;4;1616;Control
Burger;6;6;1;81;51;2;7;2;2;171;;1;4;1620;Six
Sausages;6;6;1;85;51;2;7;2;2;171;;1;4;1620;Six
Nuggets;6;6;1;89;51;2;7;2;2;171;;1;4;1620;Six
Meatballs;4;5;1;63;51;2;7;2;2;171;;1;4;1620;Six
Burger;5;5;1;80;63;2;7;2;4;161;;1;4;1625;Control
Sausages;4;4;1;74;63;2;7;2;4;161;;1;4;1625;Control
Nuggets;4;4;1;71;63;2;7;2;4;161;;1;4;1625;Control
Meatballs;3;3;1;69;63;2;7;2;4;161;;1;4;1625;Control
Burger;3;3;1;40;38;1;7;3;3;178;;1;4;1637;Six
Sausages;6;6;1;72;38;1;7;3;3;178;;1;4;1637;Six
Nuggets;2;4;1;30;38;1;7;3;3;178;;1;4;1637;Six
Meatballs;5;5;1;60;38;1;7;3;3;178;;1;4;1637;Six
Burger;5;5;1;66;65;1;7;2;2;200;;1;4;1639;Six
Sausages;4;4;1;60;65;1;7;2;2;200;;1;4;1639;Six
Nuggets;4;1;1;66;65;1;7;2;2;200;;1;4;1639;Six
Meatballs;4;2;1;51;65;1;7;2;2;200;;1;4;1639;Six
Burger;6;7;1;100;53;2;4;1;4;169;;1;4;1643;Control
Sausages;6;7;1;92;53;2;4;1;4;169;;1;4;1643;Control
Nuggets;6;7;1;82;53;2;4;1;4;169;;1;4;1643;Control
Meatballs;5;7;1;84;53;2;4;1;4;169;;1;4;1643;Control
Burger;4;4;1;62;21;2;7;1;4;82;;1;4;1644;Six
Sausages;2;1;0;27;21;2;7;1;4;82;;1;4;1644;Six
Nuggets;5;5;1;85;21;2;7;1;4;82;;1;4;1644;Six
Meatballs;3;2;0;36;21;2;7;1;4;82;;1;4;1644;Six
Burger;4;6;1;50;48;2;7;2;4;160;;1;4;1658;Six
Sausages;3;4;1;50;48;2;7;2;4;160;;1;4;1658;Six
Nuggets;7;7;1;80;48;2;7;2;4;160;;1;4;1658;Six
Meatballs;4;5;1;60;48;2;7;2;4;160;;1;4;1658;Six
Burger;5;5;1;75;52;2;7;1;4;219;;1;4;1663;Control
Sausages;1;2;0;40;52;2;7;1;4;219;;1;4;1663;Control
Nuggets;1;1;0;50;52;2;7;1;4;219;;1;4;1663;Control
Meatballs;3;1;0;50;52;2;7;1;4;219;;1;4;1663;Control
Burger;3;4;1;83;53;2;5;3;3;173;;1;4;1667;Six
Sausages;3;4;1;81;53;2;5;3;3;173;;1;4;1667;Six
Nuggets;1;2;1;64;53;2;5;3;3;173;;1;4;1667;Six
Meatballs;1;2;1;61;53;2;5;3;3;173;;1;4;1667;Six
Burger;1;1;1;85;64;1;4;2;5;158;;1;4;1671;Control
Sausages;1;1;1;85;64;1;4;2;5;158;;1;4;1671;Control
Nuggets;1;1;1;85;64;1;4;2;5;158;;1;4;1671;Control
Meatballs;1;1;0;76;64;1;4;2;5;158;;1;4;1671;Control
Burger;6;6;1;81;29;2;5;3;4;117;;1;4;1672;Six
Sausages;5;4;1;100;29;2;5;3;4;117;;1;4;1672;Six
Nuggets;7;5;1;100;29;2;5;3;4;117;;1;4;1672;Six
Meatballs;7;5;1;100;29;2;5;3;4;117;;1;4;1672;Six
Burger;2;1;0;39;51;2;8;5;1;172;;1;4;1673;Control
Sausages;2;1;0;41;51;2;8;5;1;172;;1;4;1673;Control
Nuggets;1;1;0;5;51;2;8;5;1;172;;1;4;1673;Control
Meatballs;2;1;0;2;51;2;8;5;1;172;;1;4;1673;Control
Burger;7;7;1;86;58;2;7;2;3;164;;1;4;1683;Control
Sausages;5;6;1;82;58;2;7;2;3;164;;1;4;1683;Control
Nuggets;5;4;0;75;58;2;7;2;3;164;;1;4;1683;Control
Meatballs;4;4;1;66;58;2;7;2;3;164;;1;4;1683;Control
Burger;2;5;1;40;61;2;5;3;3;205;;1;4;1691;Six
Sausages;6;6;1;55;61;2;5;3;3;205;;1;4;1691;Six
Nuggets;6;2;1;40;61;2;5;3;3;205;;1;4;1691;Six
Meatballs;4;4;1;45;61;2;5;3;3;205;;1;4;1691;Six
Burger;5;6;1;80;37;1;7;3;3;105;;1;4;1700;Control
Sausages;5;5;1;77;37;1;7;3;3;105;;1;4;1700;Control
Nuggets;5;5;1;73;37;1;7;3;3;105;;1;4;1700;Control
Meatballs;5;5;1;78;37;1;7;3;3;105;;1;4;1700;Control
Burger;4;1;1;70;74;1;8;4;2;189;;1;4;1707;Control
Sausages;4;1;1;50;74;1;8;4;2;189;;1;4;1707;Control
Nuggets;4;1;1;70;74;1;8;4;2;189;;1;4;1707;Control
Meatballs;4;1;1;50;74;1;8;4;2;189;;1;4;1707;Control
Burger;6;6;1;75;42;2;7;2;5;274;;1;4;1708;Six
Sausages;6;6;1;80;42;2;7;2;5;274;;1;4;1708;Six
Nuggets;3;2;1;81;42;2;7;2;5;274;;1;4;1708;Six
Meatballs;5;5;1;65;42;2;7;2;5;274;;1;4;1708;Six
Burger;4;4;1;61;61;1;5;5;5;154;;1;4;1710;Six
Sausages;6;6;1;81;61;1;5;5;5;154;;1;4;1710;Six
Nuggets;4;4;1;45;61;1;5;5;5;154;;1;4;1710;Six
Meatballs;5;5;1;77;61;1;5;5;5;154;;1;4;1710;Six
Burger;6;6;1;90;37;2;8;2;2;210;;1;4;1718;Control
Sausages;5;6;1;80;37;2;8;2;2;210;;1;4;1718;Control
Nuggets;5;6;1;75;37;2;8;2;2;210;;1;4;1718;Control
Meatballs;5;4;1;70;37;2;8;2;2;210;;1;4;1718;Control
Burger;3;6;1;80;37;2;4;1;1;108;;1;4;1722;Six
Sausages;4;6;1;89;37;2;4;1;1;108;;1;4;1722;Six
Nuggets;6;7;1;65;37;2;4;1;1;108;;1;4;1722;Six
Meatballs;7;7;1;87;37;2;4;1;1;108;;1;4;1722;Six
Burger;4;5;1;52;51;2;5;4;4;208;;1;4;1724;Six
Sausages;5;6;1;70;51;2;5;4;4;208;;1;4;1724;Six
Nuggets;5;5;1;49;51;2;5;4;4;208;;1;4;1724;Six
Meatballs;6;6;1;71;51;2;5;4;4;208;;1;4;1724;Six
Burger;5;4;1;60;63;1;4;3;4;150;;1;4;1735;Six
Sausages;4;3;1;70;63;1;4;3;4;150;;1;4;1735;Six
Nuggets;4;3;1;70;63;1;4;3;4;150;;1;4;1735;Six
Meatballs;6;5;1;60;63;1;4;3;4;150;;1;4;1735;Six
Burger;6;6;1;82;33;2;7;1;4;176;;1;4;1736;Control
Sausages;6;6;1;66;33;2;7;1;4;176;;1;4;1736;Control
Nuggets;6;6;1;46;33;2;7;1;4;176;;1;4;1736;Control
Meatballs;4;3;1;60;33;2;7;1;4;176;;1;4;1736;Control
Burger;4;6;1;66;61;2;5;4;4;157;;1;4;1738;Six
Sausages;6;5;1;60;61;2;5;4;4;157;;1;4;1738;Six
Nuggets;6;6;1;80;61;2;5;4;4;157;;1;4;1738;Six
Meatballs;2;4;1;50;61;2;5;4;4;157;;1;4;1738;Six
Burger;5;4;1;80;58;1;7;2;4;157;;1;4;1743;Control
Sausages;4;3;1;83;58;1;7;2;4;157;;1;4;1743;Control
Nuggets;4;3;1;87;58;1;7;2;4;157;;1;4;1743;Control
Meatballs;4;3;1;65;58;1;7;2;4;157;;1;4;1743;Control
Burger;2;1;0;50;57;2;8;2;5;188;;1;4;1751;Six
Sausages;4;2;1;82;57;2;8;2;5;188;;1;4;1751;Six
Nuggets;5;1;0;50;57;2;8;2;5;188;;1;4;1751;Six
Meatballs;5;1;0;72;57;2;8;2;5;188;;1;4;1751;Six
Burger;5;4;1;60;53;1;7;3;4;104;;1;4;1752;Control
Sausages;5;5;1;70;53;1;7;3;4;104;;1;4;1752;Control
Nuggets;3;3;1;50;53;1;7;3;4;104;;1;4;1752;Control
Meatballs;3;3;1;50;53;1;7;3;4;104;;1;4;1752;Control
Burger;5;2;1;30;64;2;4;2;4;250;;1;4;1766;Six
Sausages;4;2;1;40;64;2;4;2;4;250;;1;4;1766;Six
Nuggets;5;2;1;40;64;2;4;2;4;250;;1;4;1766;Six
Meatballs;6;3;1;80;64;2;4;2;4;250;;1;4;1766;Six
Burger;3;2;1;67;60;2;5;1;1;249;;1;4;1768;Control
Sausages;2;2;1;66;60;2;5;1;1;249;;1;4;1768;Control
Nuggets;2;2;1;53;60;2;5;1;1;249;;1;4;1768;Control
Meatballs;3;2;1;58;60;2;5;1;1;249;;1;4;1768;Control
Burger;4;1;0;71;46;2;7;2;6;288;;1;4;1775;Control
Sausages;4;1;0;72;46;2;7;2;6;288;;1;4;1775;Control
Nuggets;4;1;0;74;46;2;7;2;6;288;;1;4;1775;Control
Meatballs;1;1;0;46;46;2;7;2;6;288;;1;4;1775;Control
Burger;3;4;1;70;46;2;5;4;3;153;;1;4;1776;Six
Sausages;6;4;1;82;46;2;5;4;3;153;;1;4;1776;Six
Nuggets;4;3;1;50;46;2;5;4;3;153;;1;4;1776;Six
Meatballs;5;4;1;71;46;2;5;4;3;153;;1;4;1776;Six
Burger;6;6;1;80;53;1;5;1;5;240;;1;4;1780;Six
Sausages;5;5;1;80;53;1;5;1;5;240;;1;4;1780;Six
Nuggets;6;5;1;75;53;1;5;1;5;240;;1;4;1780;Six
Meatballs;5;3;1;45;53;1;5;1;5;240;;1;4;1780;Six
Burger;6;6;1;81;42;1;5;4;3;196;;1;4;1783;Control
Sausages;5;5;1;75;42;1;5;4;3;196;;1;4;1783;Control
Nuggets;6;6;1;80;42;1;5;4;3;196;;1;4;1783;Control
Meatballs;3;3;1;60;42;1;5;4;3;196;;1;4;1783;Control
Burger;6;4;1;82;64;2;8;2;4;141;;1;4;1791;Control
Sausages;1;1;0;2;64;2;8;2;4;141;;1;4;1791;Control
Nuggets;1;1;0;25;64;2;8;2;4;141;;1;4;1791;Control
Meatballs;3;2;1;71;64;2;8;2;4;141;;1;4;1791;Control
Burger;3;3;1;60;44;1;7;4;3;185;;1;4;1793;Six
Sausages;2;2;1;70;44;1;7;4;3;185;;1;4;1793;Six
Nuggets;3;2;1;60;44;1;7;4;3;185;;1;4;1793;Six
Meatballs;3;3;1;50;44;1;7;4;3;185;;1;4;1793;Six
Burger;5;4;1;65;60;1;7;2;2;152;;1;4;1808;Control
Sausages;4;3;1;60;60;1;7;2;2;152;;1;4;1808;Control
Nuggets;4;3;1;60;60;1;7;2;2;152;;1;4;1808;Control
Meatballs;4;3;1;60;60;1;7;2;2;152;;1;4;1808;Control
Burger;5;1;0;60;35;1;7;4;2;172;;1;4;1811;Control
Sausages;4;1;1;70;35;1;7;4;2;172;;1;4;1811;Control
Nuggets;5;5;1;80;35;1;7;4;2;172;;1;4;1811;Control
Meatballs;3;1;0;55;35;1;7;4;2;172;;1;4;1811;Control
Burger;1;1;0;20;32;1;4;1;6;161;;1;4;1815;Six
Sausages;1;1;0;20;32;1;4;1;6;161;;1;4;1815;Six
Nuggets;1;1;0;20;32;1;4;1;6;161;;1;4;1815;Six
Meatballs;1;1;0;20;32;1;4;1;6;161;;1;4;1815;Six
Burger;5;4;1;38;33;2;7;5;3;130;;1;4;1820;Control
Sausages;4;4;1;61;33;2;7;5;3;130;;1;4;1820;Control
Nuggets;5;5;1;42;33;2;7;5;3;130;;1;4;1820;Control
Meatballs;5;5;1;70;33;2;7;5;3;130;;1;4;1820;Control
Burger;5;6;1;92;32;1;7;1;3;273;;1;4;1822;Six
Sausages;5;6;1;79;32;1;7;1;3;273;;1;4;1822;Six
Nuggets;5;5;1;93;32;1;7;1;3;273;;1;4;1822;Six
Meatballs;6;7;1;89;32;1;7;1;3;273;;1;4;1822;Six
Burger;5;5;1;75;63;1;5;2;3;321;;1;4;1825;Six
Sausages;5;5;1;70;63;1;5;2;3;321;;1;4;1825;Six
Nuggets;4;5;1;65;63;1;5;2;3;321;;1;4;1825;Six
Meatballs;6;5;1;70;63;1;5;2;3;321;;1;4;1825;Six
Burger;6;6;1;71;42;2;7;3;3;236;;1;4;1834;Six
Sausages;6;6;1;76;42;2;7;3;3;236;;1;4;1834;Six
Nuggets;7;6;1;76;42;2;7;3;3;236;;1;4;1834;Six
Meatballs;6;6;1;72;42;2;7;3;3;236;;1;4;1834;Six
Burger;1;1;0;85;33;1;4;2;2;200;;1;4;1847;Six
Sausages;3;3;1;95;33;1;4;2;2;200;;1;4;1847;Six
Nuggets;1;1;1;90;33;1;4;2;2;200;;1;4;1847;Six
Meatballs;6;3;1;95;33;1;4;2;2;200;;1;4;1847;Six
Burger;5;4;1;95;43;1;8;2;3;271;;1;4;1849;Control
Sausages;3;2;1;60;43;1;8;2;3;271;;1;4;1849;Control
Nuggets;4;3;1;90;43;1;8;2;3;271;;1;4;1849;Control
Meatballs;4;4;1;75;43;1;8;2;3;271;;1;4;1849;Control
Burger;5;5;1;70;34;2;5;4;2;121;;1;4;1853;Control
Sausages;5;5;1;65;34;2;5;4;2;121;;1;4;1853;Control
Nuggets;5;5;1;62;34;2;5;4;2;121;;1;4;1853;Control
Meatballs;4;5;1;51;34;2;5;4;2;121;;1;4;1853;Control
Burger;3;3;1;85;64;1;5;1;3;140;;1;4;1854;Six
Sausages;6;5;1;85;64;1;5;1;3;140;;1;4;1854;Six
Nuggets;4;4;1;85;64;1;5;1;3;140;;1;4;1854;Six
Meatballs;5;4;1;80;64;1;5;1;3;140;;1;4;1854;Six
Burger;5;5;1;50;38;2;6;1;5;156;;1;4;1859;Control
Sausages;4;4;1;50;38;2;6;1;5;156;;1;4;1859;Control
Nuggets;3;1;0;50;38;2;6;1;5;156;;1;4;1859;Control
Meatballs;2;1;0;50;38;2;6;1;5;156;;1;4;1859;Control
Burger;6;2;1;60;79;1;7;3;6;346;;1;4;1865;Six
Sausages;2;2;0;40;79;1;7;3;6;346;;1;4;1865;Six
Nuggets;3;2;0;40;79;1;7;3;6;346;;1;4;1865;Six
Meatballs;2;2;0;26;79;1;7;3;6;346;;1;4;1865;Six
Burger;5;4;1;60;39;2;7;3;3;175;;2;4;1870;Six
Sausages;6;6;1;88;39;2;7;3;3;175;;2;4;1870;Six
Nuggets;6;4;1;69;39;2;7;3;3;175;;2;4;1870;Six
Meatballs;5;5;1;77;39;2;7;3;3;175;;2;4;1870;Six
Burger;5;4;1;100;44;1;4;2;5;121;;1;4;1871;Control
Sausages;3;1;1;60;44;1;4;2;5;121;;1;4;1871;Control
Nuggets;3;1;1;80;44;1;4;2;5;121;;1;4;1871;Control
Meatballs;1;1;1;95;44;1;4;2;5;121;;1;4;1871;Control
Burger;4;4;1;80;50;2;7;4;3;169;;1;4;1880;Six
Sausages;5;4;1;80;50;2;7;4;3;169;;1;4;1880;Six
Nuggets;5;4;1;80;50;2;7;4;3;169;;1;4;1880;Six
Meatballs;6;4;1;80;50;2;7;4;3;169;;1;4;1880;Six
Burger;1;1;0;20;73;2;5;2;5;368;;1;4;1888;Six
Sausages;3;4;1;50;73;2;5;2;5;368;;1;4;1888;Six
Nuggets;4;5;1;70;73;2;5;2;5;368;;1;4;1888;Six
Meatballs;3;2;0;30;73;2;5;2;5;368;;1;4;1888;Six
Burger;4;2;1;90;41;2;5;4;3;232;;1;4;1892;Control
Sausages;4;1;1;80;41;2;5;4;3;232;;1;4;1892;Control
Nuggets;4;1;1;90;41;2;5;4;3;232;;1;4;1892;Control
Meatballs;4;1;1;85;41;2;5;4;3;232;;1;4;1892;Control
Burger;6;6;1;62;27;2;5;1;1;114;;1;4;1893;Control
Sausages;5;5;1;51;27;2;5;1;1;114;;1;4;1893;Control
Nuggets;4;5;1;55;27;2;5;1;1;114;;1;4;1893;Control
Meatballs;5;5;1;35;27;2;5;1;1;114;;1;4;1893;Control
Burger;4;3;1;72;29;2;8;3;3;108;;1;4;1904;Control
Sausages;1;2;1;64;29;2;8;3;3;108;;1;4;1904;Control
Nuggets;4;4;1;71;29;2;8;3;3;108;;1;4;1904;Control
Meatballs;3;4;1;54;29;2;8;3;3;108;;1;4;1904;Control
Burger;1;2;1;75;58;1;6;3;3;239;;1;4;1905;Six
Sausages;6;6;1;90;58;1;6;3;3;239;;1;4;1905;Six
Nuggets;4;4;1;75;58;1;6;3;3;239;;1;4;1905;Six
Meatballs;6;5;1;85;58;1;6;3;3;239;;1;4;1905;Six
Burger;6;6;1;95;56;2;7;2;2;120;;1;4;1907;Six
Sausages;5;5;1;95;56;2;7;2;2;120;;1;4;1907;Six
Nuggets;5;5;1;95;56;2;7;2;2;120;;1;4;1907;Six
Meatballs;6;6;1;95;56;2;7;2;2;120;;1;4;1907;Six
Burger;2;2;1;30;51;2;7;4;2;156;;1;4;1911;Six
Sausages;3;3;1;42;51;2;7;4;2;156;;1;4;1911;Six
Nuggets;7;6;1;82;51;2;7;4;2;156;;1;4;1911;Six
Meatballs;5;3;1;76;51;2;7;4;2;156;;1;4;1911;Six
Burger;4;4;1;80;32;1;5;2;4;203;;1;4;1916;Six
Sausages;5;6;1;75;32;1;5;2;4;203;;1;4;1916;Six
Nuggets;6;7;1;85;32;1;5;2;4;203;;1;4;1916;Six
Meatballs;6;7;1;90;32;1;5;2;4;203;;1;4;1916;Six
Burger;3;2;1;75;55;1;7;2;4;181;;1;4;1920;Control
Sausages;2;1;1;70;55;1;7;2;4;181;;1;4;1920;Control
Nuggets;2;1;1;65;55;1;7;2;4;181;;1;4;1920;Control
Meatballs;2;1;1;65;55;1;7;2;4;181;;1;4;1920;Control
Burger;4;1;1;80;72;1;7;4;5;175;;2;4;1922;Control
Sausages;3;1;1;50;72;1;7;4;5;175;;2;4;1922;Control
Nuggets;3;1;1;39;72;1;7;4;5;175;;2;4;1922;Control
Meatballs;2;1;0;20;72;1;7;4;5;175;;2;4;1922;Control
Burger;4;2;1;78;42;2;7;1;3;167;;1;4;1925;Control
Sausages;2;1;1;64;42;2;7;1;3;167;;1;4;1925;Control
Nuggets;3;2;1;82;42;2;7;1;3;167;;1;4;1925;Control
Meatballs;2;1;1;71;42;2;7;1;3;167;;1;4;1925;Control
Burger;2;1;0;30;51;2;4;2;4;163;;1;4;1936;Six
Sausages;1;1;0;20;51;2;4;2;4;163;;1;4;1936;Six
Nuggets;1;1;0;20;51;2;4;2;4;163;;1;4;1936;Six
Meatballs;1;1;0;18;51;2;4;2;4;163;;1;4;1936;Six
Burger;7;6;1;95;60;2;4;3;5;106;;1;4;1940;Control
Sausages;7;6;1;92;60;2;4;3;5;106;;1;4;1940;Control
Nuggets;6;6;1;92;60;2;4;3;5;106;;1;4;1940;Control
Meatballs;7;7;1;90;60;2;4;3;5;106;;1;4;1940;Control
Burger;5;5;1;92;55;1;4;2;2;177;;1;4;1943;Six
Sausages;6;6;1;94;55;1;4;2;2;177;;1;4;1943;Six
Nuggets;5;5;1;91;55;1;4;2;2;177;;1;4;1943;Six
Meatballs;5;6;1;91;55;1;4;2;2;177;;1;4;1943;Six
Burger;6;6;1;95;43;2;7;4;4;132;;1;4;1951;Six
Sausages;4;3;1;90;43;2;7;4;4;132;;1;4;1951;Six
Nuggets;3;3;1;89;43;2;7;4;4;132;;1;4;1951;Six
Meatballs;5;4;1;90;43;2;7;4;4;132;;1;4;1951;Six
Burger;5;4;1;66;36;1;4;4;4;134;;1;4;1956;Control
Sausages;2;3;1;40;36;1;4;4;4;134;;1;4;1956;Control
Nuggets;3;4;1;57;36;1;4;4;4;134;;1;4;1956;Control
Meatballs;2;2;1;34;36;1;4;4;4;134;;1;4;1956;Control
Burger;4;4;1;70;36;2;7;4;5;146;;1;4;1970;Control
Sausages;2;1;1;60;36;2;7;4;5;146;;1;4;1970;Control
Nuggets;3;3;1;60;36;2;7;4;5;146;;1;4;1970;Control
Meatballs;1;1;0;40;36;2;7;4;5;146;;1;4;1970;Control
Burger;4;5;1;80;23;1;7;3;5;247;;1;4;1971;Six
Sausages;3;2;1;67;23;1;7;3;5;247;;1;4;1971;Six
Nuggets;6;2;1;67;23;1;7;3;5;247;;1;4;1971;Six
Meatballs;5;3;1;67;23;1;7;3;5;247;;1;4;1971;Six
Burger;4;3;1;40;25;2;8;2;1;178;;1;4;1979;Control
Sausages;4;4;1;35;25;2;8;2;1;178;;1;4;1979;Control
Nuggets;5;4;1;45;25;2;8;2;1;178;;1;4;1979;Control
Meatballs;3;2;1;35;25;2;8;2;1;178;;1;4;1979;Control
Burger;3;3;1;60;66;2;4;1;4;376;;1;4;1983;Six
Sausages;6;5;1;65;66;2;4;1;4;376;;1;4;1983;Six
Nuggets;5;4;1;64;66;2;4;1;4;376;;1;4;1983;Six
Meatballs;5;5;1;60;66;2;4;1;4;376;;1;4;1983;Six
Burger;7;7;1;80;62;1;4;5;4;210;;1;4;1985;Six
Sausages;5;7;1;70;62;1;4;5;4;210;;1;4;1985;Six
Nuggets;6;6;1;60;62;1;4;5;4;210;;1;4;1985;Six
Meatballs;3;2;1;50;62;1;4;5;4;210;;1;4;1985;Six
Burger;5;1;1;90;38;2;7;4;3;214;;1;4;1986;Control
Sausages;1;1;1;86;38;2;7;4;3;214;;1;4;1986;Control
Nuggets;4;1;1;96;38;2;7;4;3;214;;1;4;1986;Control
Meatballs;4;2;1;95;38;2;7;4;3;214;;1;4;1986;Control
Burger;7;7;1;100;57;2;7;3;4;200;;1;4;1987;Six
Sausages;6;6;1;90;57;2;7;3;4;200;;1;4;1987;Six
Nuggets;6;6;1;80;57;2;7;3;4;200;;1;4;1987;Six
Meatballs;7;7;1;100;57;2;7;3;4;200;;1;4;1987;Six
Burger;4;2;1;60;46;2;8;3;4;102;;2;4;1997;Control
Sausages;3;2;1;73;46;2;8;3;4;102;;2;4;1997;Control
Nuggets;4;3;1;72;46;2;8;3;4;102;;2;4;1997;Control
Meatballs;5;4;1;74;46;2;8;3;4;102;;2;4;1997;Control
Burger;4;3;1;80;52;2;7;4;2;234;;1;4;2005;Six
Sausages;3;2;1;80;52;2;7;4;2;234;;1;4;2005;Six
Nuggets;5;4;1;85;52;2;7;4;2;234;;1;4;2005;Six
Meatballs;4;4;1;85;52;2;7;4;2;234;;1;4;2005;Six
Burger;3;2;1;61;39;2;6;3;3;202;;1;4;2011;Six
Sausages;5;2;1;71;39;2;6;3;3;202;;1;4;2011;Six
Nuggets;4;2;1;71;39;2;6;3;3;202;;1;4;2011;Six
Meatballs;4;2;1;60;39;2;6;3;3;202;;1;4;2011;Six
Burger;5;4;1;33;56;1;7;3;4;102;;1;4;2013;Control
Sausages;5;5;1;31;56;1;7;3;4;102;;1;4;2013;Control
Nuggets;5;5;1;43;56;1;7;3;4;102;;1;4;2013;Control
Meatballs;3;3;0;16;56;1;7;3;4;102;;1;4;2013;Control
Burger;1;1;0;55;46;1;7;4;6;258;;1;4;2017;Control
Sausages;1;1;0;55;46;1;7;4;6;258;;1;4;2017;Control
Nuggets;1;2;1;60;46;1;7;4;6;258;;1;4;2017;Control
Meatballs;1;1;0;35;46;1;7;4;6;258;;1;4;2017;Control
Burger;3;2;1;100;39;2;6;5;2;135;;1;4;2021;Six
Sausages;4;2;1;100;39;2;6;5;2;135;;1;4;2021;Six
Nuggets;4;2;1;100;39;2;6;5;2;135;;1;4;2021;Six
Meatballs;2;1;1;92;39;2;6;5;2;135;;1;4;2021;Six
Burger;2;4;1;20;25;2;7;1;1;95;;1;4;2024;Control
Sausages;1;3;1;50;25;2;7;1;1;95;;1;4;2024;Control
Nuggets;3;5;1;60;25;2;7;1;1;95;;1;4;2024;Control
Meatballs;2;2;0;30;25;2;7;1;1;95;;1;4;2024;Control
Burger;2;2;1;80;30;1;6;2;4;113;;1;4;2025;Six
Sausages;4;4;1;80;30;1;6;2;4;113;;1;4;2025;Six
Nuggets;5;5;1;80;30;1;6;2;4;113;;1;4;2025;Six
Meatballs;3;3;1;90;30;1;6;2;4;113;;1;4;2025;Six
Burger;1;1;0;82;62;2;5;2;5;156;;1;4;2038;Control
Sausages;1;1;0;39;62;2;5;2;5;156;;1;4;2038;Control
Nuggets;2;1;0;69;62;2;5;2;5;156;;1;4;2038;Control
Meatballs;1;1;0;51;62;2;5;2;5;156;;1;4;2038;Control
Burger;2;4;1;55;65;2;3;2;3;200;;1;4;2043;Six
Sausages;7;7;1;85;65;2;3;2;3;200;;1;4;2043;Six
Nuggets;5;4;1;75;65;2;3;2;3;200;;1;4;2043;Six
Meatballs;5;6;1;80;65;2;3;2;3;200;;1;4;2043;Six
Burger;2;2;1;40;33;2;7;4;2;242;;2;4;2054;Six
Sausages;4;2;1;60;33;2;7;4;2;242;;2;4;2054;Six
Nuggets;2;2;1;60;33;2;7;4;2;242;;2;4;2054;Six
Meatballs;2;2;0;20;33;2;7;4;2;242;;2;4;2054;Six
Burger;6;7;1;20;69;2;8;4;5;170;;1;4;2058;Six
Sausages;2;2;1;40;69;2;8;4;5;170;;1;4;2058;Six
Nuggets;4;1;1;25;69;2;8;4;5;170;;1;4;2058;Six
Meatballs;4;6;1;15;69;2;8;4;5;170;;1;4;2058;Six
Burger;6;6;1;96;44;2;5;3;2;220;;1;4;2059;Control
Sausages;4;3;1;77;44;2;5;3;2;220;;1;4;2059;Control
Nuggets;6;6;1;97;44;2;5;3;2;220;;1;4;2059;Control
Meatballs;4;4;1;92;44;2;5;3;2;220;;1;4;2059;Control
Burger;2;1;0;39;66;1;4;1;4;202;;1;4;2064;Control
Sausages;1;1;0;27;66;1;4;1;4;202;;1;4;2064;Control
Nuggets;1;1;0;29;66;1;4;1;4;202;;1;4;2064;Control
Meatballs;1;1;0;29;66;1;4;1;4;202;;1;4;2064;Control
Burger;5;2;1;70;55;2;7;2;6;343;;1;4;2067;Control
Sausages;6;2;1;65;55;2;7;2;6;343;;1;4;2067;Control
Nuggets;4;1;0;55;55;2;7;2;6;343;;1;4;2067;Control
Meatballs;6;1;1;86;55;2;7;2;6;343;;1;4;2067;Control
Burger;2;2;1;60;61;1;4;2;5;252;;1;4;2070;Six
Sausages;3;3;1;75;61;1;4;2;5;252;;1;4;2070;Six
Nuggets;3;3;1;60;61;1;4;2;5;252;;1;4;2070;Six
Meatballs;4;3;1;65;61;1;4;2;5;252;;1;4;2070;Six
Burger;2;1;0;90;49;1;7;5;4;102;;1;4;2074;Control
Sausages;1;1;0;80;49;1;7;5;4;102;;1;4;2074;Control
Nuggets;1;1;0;80;49;1;7;5;4;102;;1;4;2074;Control
Meatballs;1;1;0;80;49;1;7;5;4;102;;1;4;2074;Control
Burger;1;1;0;9;56;2;5;3;2;204;;1;4;2081;Six
Sausages;6;6;1;71;56;2;5;3;2;204;;1;4;2081;Six
Nuggets;5;5;1;71;56;2;5;3;2;204;;1;4;2081;Six
Meatballs;5;5;1;60;56;2;5;3;2;204;;1;4;2081;Six
Burger;3;2;1;100;34;2;7;1;2;115;;1;4;2082;Control
Sausages;3;2;1;76;34;2;7;1;2;115;;1;4;2082;Control
Nuggets;3;2;1;93;34;2;7;1;2;115;;1;4;2082;Control
Meatballs;2;1;1;75;34;2;7;1;2;115;;1;4;2082;Control
Burger;5;1;0;60;71;2;5;3;6;307;;1;4;2095;Six
Sausages;5;2;0;70;71;2;5;3;6;307;;1;4;2095;Six
Nuggets;5;2;0;70;71;2;5;3;6;307;;1;4;2095;Six
Meatballs;1;1;0;60;71;2;5;3;6;307;;1;4;2095;Six
Burger;4;3;1;74;56;2;4;3;3;183;;1;4;2097;Six
Sausages;7;6;1;96;56;2;4;3;3;183;;1;4;2097;Six
Nuggets;6;6;1;81;56;2;4;3;3;183;;1;4;2097;Six
Meatballs;7;6;1;92;56;2;4;3;3;183;;1;4;2097;Six
Burger;5;5;1;51;37;1;7;5;3;126;;1;4;2098;Control
Sausages;3;4;1;28;37;1;7;5;3;126;;1;4;2098;Control
Nuggets;4;5;1;52;37;1;7;5;3;126;;1;4;2098;Control
Meatballs;3;4;1;31;37;1;7;5;3;126;;1;4;2098;Control
